timestamp;buyer;seller;symbol;currency;price;quantity
0;SUBMISSION;;INTARIAN_PEPPER_ROOT;XIRECS;13007.0;11
100;SUBMISSION;;INTARIAN_PEPPER_ROOT;XIRECS;13010.0;20
200;SUBMISSION;;INTARIAN_PEPPER_ROOT;XIRECS;13007.0;10
300;;SUBMISSION;ASH_COATED_OSMIUM;XIRECS;10006.0;4
300;SUBMISSION;;INTARIAN_PEPPER_ROOT;XIRECS;13007.0;11
400;SUBMISSION;;INTARIAN_PEPPER_ROOT;XIRECS;13007.0;9
500;SUBMISSION;;INTARIAN_PEPPER_ROOT;XIRECS;13007.0;10
600;SUBMISSION;;INTARIAN_PEPPER_ROOT;XIRECS;13008.0;9
900;;SUBMISSION;ASH_COATED_OSMIUM;XIRECS;10001.0;12
1000;;SUBMISSION;ASH_COATED_OSMIUM;XIRECS;10001.0;14
1000;SUBMISSION;;ASH_COATED_OSMIUM;XIRECS;9999.0;3
1300;;SUBMISSION;ASH_COATED_OSMIUM;XIRECS;10001.0;11
1400;;SUBMISSION;ASH_COATED_OSMIUM;XIRECS;10001.0;13
1500;;SUBMISSION;ASH_COATED_OSMIUM;XIRECS;10001.0;10
1600;;SUBMISSION;ASH_COATED_OSMIUM;XIRECS;10001.0;11
1700;;SUBMISSION;ASH_COATED_OSMIUM;XIRECS;10001.0;8
3100;;;ASH_COATED_OSMIUM;XIRECS;10020.0;6
5600;SUBMISSION;;ASH_COATED_OSMIUM;XIRECS;9999.0;8
5700;;SUBMISSION;ASH_COATED_OSMIUM;XIRECS;10001.0;8
6400;;;INTARIAN_PEPPER_ROOT;XIRECS;12999.0;4
7500;;;ASH_COATED_OSMIUM;XIRECS;10017.0;5
9900;;;ASH_COATED_OSMIUM;XIRECS;10008.0;5
10100;;;INTARIAN_PEPPER_ROOT;XIRECS;13017.0;6
10600;;;ASH_COATED_OSMIUM;XIRECS;10016.0;10
12300;SUBMISSION;;ASH_COATED_OSMIUM;XIRECS;9999.0;6
14200;;SUBMISSION;ASH_COATED_OSMIUM;XIRECS;10002.0;4
14600;;SUBMISSION;ASH_COATED_OSMIUM;XIRECS;10011.0;2
17600;;;ASH_COATED_OSMIUM;XIRECS;10014.0;4
18000;SUBMISSION;;ASH_COATED_OSMIUM;XIRECS;9999.0;8
19200;;SUBMISSION;ASH_COATED_OSMIUM;XIRECS;10012.0;2
19300;;SUBMISSION;ASH_COATED_OSMIUM;XIRECS;10006.0;6
19400;;;ASH_COATED_OSMIUM;XIRECS;10013.0;9
19500;SUBMISSION;;ASH_COATED_OSMIUM;XIRECS;9997.0;10
20200;;;INTARIAN_PEPPER_ROOT;XIRECS;13016.0;5
20300;;SUBMISSION;ASH_COATED_OSMIUM;XIRECS;10011.0;2
21900;;;INTARIAN_PEPPER_ROOT;XIRECS;13015.0;3
22000;;SUBMISSION;ASH_COATED_OSMIUM;XIRECS;10005.0;6
22500;SUBMISSION;;ASH_COATED_OSMIUM;XIRECS;9997.0;5
22800;;;INTARIAN_PEPPER_ROOT;XIRECS;13030.0;4
23000;;SUBMISSION;ASH_COATED_OSMIUM;XIRECS;10010.0;4
24300;;SUBMISSION;ASH_COATED_OSMIUM;XIRECS;10010.0;3
26400;SUBMISSION;;ASH_COATED_OSMIUM;XIRECS;9998.0;10
26500;SUBMISSION;;ASH_COATED_OSMIUM;XIRECS;9998.0;5
27300;;SUBMISSION;ASH_COATED_OSMIUM;XIRECS;10001.0;10
28200;;SUBMISSION;ASH_COATED_OSMIUM;XIRECS;10007.0;5
28800;SUBMISSION;;ASH_COATED_OSMIUM;XIRECS;9993.0;10
28800;;;INTARIAN_PEPPER_ROOT;XIRECS;13036.0;4
29000;SUBMISSION;;ASH_COATED_OSMIUM;XIRECS;9991.0;6
31700;;;INTARIAN_PEPPER_ROOT;XIRECS;13035.0;4
33800;SUBMISSION;;ASH_COATED_OSMIUM;XIRECS;9994.0;10
34000;;;INTARIAN_PEPPER_ROOT;XIRECS;13027.0;6
36200;SUBMISSION;;ASH_COATED_OSMIUM;XIRECS;9996.0;3
36900;SUBMISSION;;ASH_COATED_OSMIUM;XIRECS;9994.0;3
37600;;SUBMISSION;ASH_COATED_OSMIUM;XIRECS;10010.0;9
38500;;SUBMISSION;ASH_COATED_OSMIUM;XIRECS;10007.0;9
39300;;SUBMISSION;ASH_COATED_OSMIUM;XIRECS;10001.0;10
40400;;;INTARIAN_PEPPER_ROOT;XIRECS;13033.0;6
41300;;;INTARIAN_PEPPER_ROOT;XIRECS;13034.0;7
41700;;SUBMISSION;ASH_COATED_OSMIUM;XIRECS;10009.0;4
43100;SUBMISSION;;ASH_COATED_OSMIUM;XIRECS;9995.0;2
43300;;SUBMISSION;ASH_COATED_OSMIUM;XIRECS;10008.0;2
43600;;;INTARIAN_PEPPER_ROOT;XIRECS;13039.0;4
44700;SUBMISSION;;ASH_COATED_OSMIUM;XIRECS;9996.0;2
44800;SUBMISSION;;ASH_COATED_OSMIUM;XIRECS;9999.0;4
45300;SUBMISSION;;ASH_COATED_OSMIUM;XIRECS;10000.0;6
47700;;;INTARIAN_PEPPER_ROOT;XIRECS;13043.0;4
48200;SUBMISSION;;ASH_COATED_OSMIUM;XIRECS;9997.0;2
48400;SUBMISSION;;ASH_COATED_OSMIUM;XIRECS;9997.0;8
49100;;SUBMISSION;ASH_COATED_OSMIUM;XIRECS;10002.0;10
49400;;SUBMISSION;ASH_COATED_OSMIUM;XIRECS;10009.0;5
49600;;;INTARIAN_PEPPER_ROOT;XIRECS;13043.0;3
49800;;;INTARIAN_PEPPER_ROOT;XIRECS;13045.0;3
51300;SUBMISSION;;ASH_COATED_OSMIUM;XIRECS;9995.0;9
53200;;;INTARIAN_PEPPER_ROOT;XIRECS;13060.0;4
53700;;SUBMISSION;ASH_COATED_OSMIUM;XIRECS;10005.0;7
54000;SUBMISSION;;ASH_COATED_OSMIUM;XIRECS;9998.0;6
54300;;SUBMISSION;ASH_COATED_OSMIUM;XIRECS;10010.0;4
54800;;SUBMISSION;ASH_COATED_OSMIUM;XIRECS;10010.0;10
56400;;SUBMISSION;ASH_COATED_OSMIUM;XIRECS;10007.0;1
57200;SUBMISSION;;ASH_COATED_OSMIUM;XIRECS;9999.0;5
57800;SUBMISSION;;ASH_COATED_OSMIUM;XIRECS;9999.0;8
59000;SUBMISSION;;ASH_COATED_OSMIUM;XIRECS;9999.0;6
59600;;SUBMISSION;ASH_COATED_OSMIUM;XIRECS;10014.0;7
61200;;;ASH_COATED_OSMIUM;XIRECS;9999.0;4
62600;;SUBMISSION;ASH_COATED_OSMIUM;XIRECS;10012.0;5
65600;;SUBMISSION;ASH_COATED_OSMIUM;XIRECS;10003.0;1
65600;;;ASH_COATED_OSMIUM;XIRECS;10003.0;4
65700;;SUBMISSION;ASH_COATED_OSMIUM;XIRECS;10007.0;6
65700;;;INTARIAN_PEPPER_ROOT;XIRECS;13061.0;8
65800;;;ASH_COATED_OSMIUM;XIRECS;10014.0;2
66100;;;INTARIAN_PEPPER_ROOT;XIRECS;13059.0;7
68300;;;INTARIAN_PEPPER_ROOT;XIRECS;13061.0;6
68500;;;ASH_COATED_OSMIUM;XIRECS;9999.0;6
68500;;;INTARIAN_PEPPER_ROOT;XIRECS;13079.0;7
68700;SUBMISSION;;ASH_COATED_OSMIUM;XIRECS;9997.0;5
69100;;;ASH_COATED_OSMIUM;XIRECS;9999.0;5
69300;;SUBMISSION;ASH_COATED_OSMIUM;XIRECS;10014.0;5
71000;;;INTARIAN_PEPPER_ROOT;XIRECS;13078.0;7
71100;;;ASH_COATED_OSMIUM;XIRECS;9999.0;9
72900;SUBMISSION;;ASH_COATED_OSMIUM;XIRECS;9999.0;3
73400;;;INTARIAN_PEPPER_ROOT;XIRECS;13077.0;7
73800;SUBMISSION;;ASH_COATED_OSMIUM;XIRECS;9999.0;5
75900;;SUBMISSION;ASH_COATED_OSMIUM;XIRECS;10004.0;5
76000;SUBMISSION;;ASH_COATED_OSMIUM;XIRECS;9997.0;5
76200;SUBMISSION;;ASH_COATED_OSMIUM;XIRECS;9999.0;7
77000;;;INTARIAN_PEPPER_ROOT;XIRECS;13084.0;3
78100;;SUBMISSION;ASH_COATED_OSMIUM;XIRECS;10008.0;9
78200;;SUBMISSION;ASH_COATED_OSMIUM;XIRECS;10008.0;6
79700;;;ASH_COATED_OSMIUM;XIRECS;10008.0;2
82300;;;ASH_COATED_OSMIUM;XIRECS;10016.0;2
83600;;;ASH_COATED_OSMIUM;XIRECS;10000.0;7
86900;;;ASH_COATED_OSMIUM;XIRECS;10010.0;8
87400;SUBMISSION;;ASH_COATED_OSMIUM;XIRECS;9999.0;7
87800;;;INTARIAN_PEPPER_ROOT;XIRECS;13081.0;4
89300;;SUBMISSION;ASH_COATED_OSMIUM;XIRECS;10004.0;4
90600;;;INTARIAN_PEPPER_ROOT;XIRECS;13098.0;5
91100;;;INTARIAN_PEPPER_ROOT;XIRECS;13095.0;6
91300;;SUBMISSION;ASH_COATED_OSMIUM;XIRECS;10008.0;3
92400;;;INTARIAN_PEPPER_ROOT;XIRECS;13085.0;5
93300;SUBMISSION;;ASH_COATED_OSMIUM;XIRECS;9995.0;2
95200;;SUBMISSION;ASH_COATED_OSMIUM;XIRECS;10011.0;2
96800;;;ASH_COATED_OSMIUM;XIRECS;10009.0;6
96900;SUBMISSION;;ASH_COATED_OSMIUM;XIRECS;9996.0;5
97300;SUBMISSION;;ASH_COATED_OSMIUM;XIRECS;9996.0;3
97800;;SUBMISSION;ASH_COATED_OSMIUM;XIRECS;10003.0;8
99500;;;INTARIAN_PEPPER_ROOT;XIRECS;13092.0;3
101700;SUBMISSION;;ASH_COATED_OSMIUM;XIRECS;10000.0;9
104200;;SUBMISSION;ASH_COATED_OSMIUM;XIRECS;10005.0;5
104400;;;INTARIAN_PEPPER_ROOT;XIRECS;13108.0;6
105400;SUBMISSION;;ASH_COATED_OSMIUM;XIRECS;9997.0;5
107000;;SUBMISSION;ASH_COATED_OSMIUM;XIRECS;10005.0;9
108600;;;INTARIAN_PEPPER_ROOT;XIRECS;13111.0;5
112200;;;INTARIAN_PEPPER_ROOT;XIRECS;13119.0;4
113900;SUBMISSION;;ASH_COATED_OSMIUM;XIRECS;9995.0;5
115300;;SUBMISSION;ASH_COATED_OSMIUM;XIRECS;10009.0;5
115900;SUBMISSION;;ASH_COATED_OSMIUM;XIRECS;9995.0;5
116000;SUBMISSION;;ASH_COATED_OSMIUM;XIRECS;9995.0;2
116400;SUBMISSION;;ASH_COATED_OSMIUM;XIRECS;9998.0;7
116500;SUBMISSION;;ASH_COATED_OSMIUM;XIRECS;9998.0;8
119900;;SUBMISSION;ASH_COATED_OSMIUM;XIRECS;10001.0;5
119900;;;INTARIAN_PEPPER_ROOT;XIRECS;13113.0;5
122800;;SUBMISSION;ASH_COATED_OSMIUM;XIRECS;10009.0;3
123100;;SUBMISSION;ASH_COATED_OSMIUM;XIRECS;10007.0;2
123500;;;INTARIAN_PEPPER_ROOT;XIRECS;13116.0;5
123700;SUBMISSION;;ASH_COATED_OSMIUM;XIRECS;9994.0;6
124300;SUBMISSION;;ASH_COATED_OSMIUM;XIRECS;9993.0;2
124500;SUBMISSION;;ASH_COATED_OSMIUM;XIRECS;10000.0;3
125200;;SUBMISSION;ASH_COATED_OSMIUM;XIRECS;10009.0;4
126300;;SUBMISSION;ASH_COATED_OSMIUM;XIRECS;10001.0;7
126900;;SUBMISSION;ASH_COATED_OSMIUM;XIRECS;10001.0;4
128900;SUBMISSION;;ASH_COATED_OSMIUM;XIRECS;9992.0;3
129500;;;INTARIAN_PEPPER_ROOT;XIRECS;13122.0;3
130700;;;INTARIAN_PEPPER_ROOT;XIRECS;13141.0;7
131300;;;INTARIAN_PEPPER_ROOT;XIRECS;13127.0;5
134300;;SUBMISSION;ASH_COATED_OSMIUM;XIRECS;10011.0;3
135500;;;INTARIAN_PEPPER_ROOT;XIRECS;13131.0;7
136900;SUBMISSION;;ASH_COATED_OSMIUM;XIRECS;9997.0;6
138500;;;INTARIAN_PEPPER_ROOT;XIRECS;13146.0;7
140100;;;INTARIAN_PEPPER_ROOT;XIRECS;13144.0;4
142000;;SUBMISSION;ASH_COATED_OSMIUM;XIRECS;10012.0;6
142000;;;INTARIAN_PEPPER_ROOT;XIRECS;13145.0;6
142700;;SUBMISSION;ASH_COATED_OSMIUM;XIRECS;10011.0;8
145800;SUBMISSION;;ASH_COATED_OSMIUM;XIRECS;9999.0;7
146900;;;INTARIAN_PEPPER_ROOT;XIRECS;13154.0;4
147700;;SUBMISSION;ASH_COATED_OSMIUM;XIRECS;10002.0;2
148300;;;INTARIAN_PEPPER_ROOT;XIRECS;13144.0;4
149000;;SUBMISSION;ASH_COATED_OSMIUM;XIRECS;10012.0;5
150600;;;INTARIAN_PEPPER_ROOT;XIRECS;13144.0;5
153400;;;INTARIAN_PEPPER_ROOT;XIRECS;13160.0;6
153700;;;INTARIAN_PEPPER_ROOT;XIRECS;13161.0;5
154200;;;ASH_COATED_OSMIUM;XIRECS;10000.0;5
155000;;;ASH_COATED_OSMIUM;XIRECS;9999.0;5
155100;;;ASH_COATED_OSMIUM;XIRECS;9999.0;5
158200;;;ASH_COATED_OSMIUM;XIRECS;10012.0;3
158700;;;ASH_COATED_OSMIUM;XIRECS;10013.0;6
160500;;;INTARIAN_PEPPER_ROOT;XIRECS;13168.0;3
164200;;;INTARIAN_PEPPER_ROOT;XIRECS;13157.0;7
165100;;;ASH_COATED_OSMIUM;XIRECS;9999.0;2
165500;;;INTARIAN_PEPPER_ROOT;XIRECS;13161.0;4
168000;;;INTARIAN_PEPPER_ROOT;XIRECS;13178.0;6
168200;;;ASH_COATED_OSMIUM;XIRECS;10017.0;6
168700;;;INTARIAN_PEPPER_ROOT;XIRECS;13176.0;7
170400;;;ASH_COATED_OSMIUM;XIRECS;9999.0;2
171300;;;INTARIAN_PEPPER_ROOT;XIRECS;13161.0;6
174700;;;ASH_COATED_OSMIUM;XIRECS;10008.0;4
175400;;;ASH_COATED_OSMIUM;XIRECS;10002.0;6
175800;;;ASH_COATED_OSMIUM;XIRECS;10002.0;10
179200;;;INTARIAN_PEPPER_ROOT;XIRECS;13175.0;4
179600;;;INTARIAN_PEPPER_ROOT;XIRECS;13187.0;7
179800;;;INTARIAN_PEPPER_ROOT;XIRECS;13169.0;6
181000;;;ASH_COATED_OSMIUM;XIRECS;10017.0;2
181000;;;ASH_COATED_OSMIUM;XIRECS;10017.0;10
181600;;;ASH_COATED_OSMIUM;XIRECS;10018.0;10
183400;;;INTARIAN_PEPPER_ROOT;XIRECS;13190.0;5
184700;;;ASH_COATED_OSMIUM;XIRECS;10007.0;5
185800;;;INTARIAN_PEPPER_ROOT;XIRECS;13179.0;4
190100;;;ASH_COATED_OSMIUM;XIRECS;10003.0;7
190400;;;ASH_COATED_OSMIUM;XIRECS;10019.0;9
191400;;;INTARIAN_PEPPER_ROOT;XIRECS;13202.0;5
193100;;;ASH_COATED_OSMIUM;XIRECS;9999.0;5
194400;;;INTARIAN_PEPPER_ROOT;XIRECS;13190.0;5
194600;SUBMISSION;;ASH_COATED_OSMIUM;XIRECS;9999.0;2
194700;;SUBMISSION;ASH_COATED_OSMIUM;XIRECS;10007.0;2
195400;;;ASH_COATED_OSMIUM;XIRECS;10015.0;6
197400;;;INTARIAN_PEPPER_ROOT;XIRECS;13204.0;3
198200;;;ASH_COATED_OSMIUM;XIRECS;10013.0;4
198600;;;ASH_COATED_OSMIUM;XIRECS;10013.0;6
200200;SUBMISSION;;ASH_COATED_OSMIUM;XIRECS;10000.0;8
201800;;;INTARIAN_PEPPER_ROOT;XIRECS;13209.0;5
202900;SUBMISSION;;ASH_COATED_OSMIUM;XIRECS;9995.0;2
203800;;;INTARIAN_PEPPER_ROOT;XIRECS;13197.0;3
204600;;SUBMISSION;ASH_COATED_OSMIUM;XIRECS;10009.0;4
204900;SUBMISSION;;ASH_COATED_OSMIUM;XIRECS;9996.0;4
205200;SUBMISSION;;ASH_COATED_OSMIUM;XIRECS;9995.0;4
207600;;;INTARIAN_PEPPER_ROOT;XIRECS;13211.0;4
210400;;SUBMISSION;ASH_COATED_OSMIUM;XIRECS;10002.0;4
211300;;SUBMISSION;ASH_COATED_OSMIUM;XIRECS;10011.0;10
211300;;;INTARIAN_PEPPER_ROOT;XIRECS;13204.0;3
212500;;;INTARIAN_PEPPER_ROOT;XIRECS;13205.0;5
213400;;;ASH_COATED_OSMIUM;XIRECS;10005.0;4
213400;;;INTARIAN_PEPPER_ROOT;XIRECS;13206.0;7
214000;SUBMISSION;;ASH_COATED_OSMIUM;XIRECS;9999.0;10
214100;;SUBMISSION;ASH_COATED_OSMIUM;XIRECS;10002.0;5
214100;;;INTARIAN_PEPPER_ROOT;XIRECS;13207.0;3
214300;;SUBMISSION;ASH_COATED_OSMIUM;XIRECS;10012.0;2
215600;SUBMISSION;;ASH_COATED_OSMIUM;XIRECS;9999.0;9
216200;;SUBMISSION;ASH_COATED_OSMIUM;XIRECS;10002.0;4
216300;;;INTARIAN_PEPPER_ROOT;XIRECS;13209.0;7
216800;;SUBMISSION;ASH_COATED_OSMIUM;XIRECS;10002.0;3
216900;;SUBMISSION;ASH_COATED_OSMIUM;XIRECS;10002.0;2
216900;SUBMISSION;;ASH_COATED_OSMIUM;XIRECS;9999.0;10
217100;;SUBMISSION;ASH_COATED_OSMIUM;XIRECS;10006.0;4
217100;;;INTARIAN_PEPPER_ROOT;XIRECS;13221.0;4
217300;;;INTARIAN_PEPPER_ROOT;XIRECS;13210.0;6
217900;;SUBMISSION;ASH_COATED_OSMIUM;XIRECS;10012.0;2
218900;;SUBMISSION;ASH_COATED_OSMIUM;XIRECS;10001.0;4
219700;;;INTARIAN_PEPPER_ROOT;XIRECS;13227.0;3
220300;;SUBMISSION;ASH_COATED_OSMIUM;XIRECS;10002.0;3
225400;;;ASH_COATED_OSMIUM;XIRECS;10007.0;3
225600;;;ASH_COATED_OSMIUM;XIRECS;10006.0;5
225800;;;ASH_COATED_OSMIUM;XIRECS;10006.0;6
226100;;;ASH_COATED_OSMIUM;XIRECS;10007.0;3
231200;SUBMISSION;;ASH_COATED_OSMIUM;XIRECS;9992.0;3
231700;;;INTARIAN_PEPPER_ROOT;XIRECS;13225.0;7
231900;;;INTARIAN_PEPPER_ROOT;XIRECS;13239.0;3
232700;SUBMISSION;;ASH_COATED_OSMIUM;XIRECS;9997.0;2
234200;;SUBMISSION;ASH_COATED_OSMIUM;XIRECS;10003.0;5
234700;;;ASH_COATED_OSMIUM;XIRECS;10004.0;7
236500;SUBMISSION;;ASH_COATED_OSMIUM;XIRECS;9994.0;9
236900;;;INTARIAN_PEPPER_ROOT;XIRECS;13230.0;6
238400;;SUBMISSION;ASH_COATED_OSMIUM;XIRECS;10002.0;2
238500;;;INTARIAN_PEPPER_ROOT;XIRECS;13246.0;6
238800;;;INTARIAN_PEPPER_ROOT;XIRECS;13232.0;4
239400;;;INTARIAN_PEPPER_ROOT;XIRECS;13235.0;6
239600;SUBMISSION;;ASH_COATED_OSMIUM;XIRECS;9990.0;5
240200;;;INTARIAN_PEPPER_ROOT;XIRECS;13244.0;3
240400;SUBMISSION;;ASH_COATED_OSMIUM;XIRECS;9993.0;4
241000;SUBMISSION;;ASH_COATED_OSMIUM;XIRECS;9998.0;4
242200;;;INTARIAN_PEPPER_ROOT;XIRECS;13235.0;4
243100;;;INTARIAN_PEPPER_ROOT;XIRECS;13254.0;7
243300;SUBMISSION;;ASH_COATED_OSMIUM;XIRECS;9998.0;5
243900;SUBMISSION;;ASH_COATED_OSMIUM;XIRECS;9995.0;9
247000;SUBMISSION;;ASH_COATED_OSMIUM;XIRECS;9996.0;4
247100;;SUBMISSION;ASH_COATED_OSMIUM;XIRECS;10002.0;9
247600;;;INTARIAN_PEPPER_ROOT;XIRECS;13255.0;3
248300;;;INTARIAN_PEPPER_ROOT;XIRECS;13244.0;5
249300;SUBMISSION;;ASH_COATED_OSMIUM;XIRECS;9997.0;5
251200;;;INTARIAN_PEPPER_ROOT;XIRECS;13247.0;8
252700;;;INTARIAN_PEPPER_ROOT;XIRECS;13246.0;5
253200;SUBMISSION;;ASH_COATED_OSMIUM;XIRECS;9991.0;5
254500;SUBMISSION;;ASH_COATED_OSMIUM;XIRECS;9999.0;2
254600;SUBMISSION;;ASH_COATED_OSMIUM;XIRECS;9999.0;5
256400;;;INTARIAN_PEPPER_ROOT;XIRECS;13249.0;6
256800;SUBMISSION;;ASH_COATED_OSMIUM;XIRECS;9993.0;5
257800;SUBMISSION;;ASH_COATED_OSMIUM;XIRECS;9993.0;2
258900;;SUBMISSION;ASH_COATED_OSMIUM;XIRECS;10006.0;2
259000;SUBMISSION;;ASH_COATED_OSMIUM;XIRECS;10000.0;5
259700;SUBMISSION;;ASH_COATED_OSMIUM;XIRECS;10000.0;5
261200;SUBMISSION;;ASH_COATED_OSMIUM;XIRECS;9992.0;3
262300;;;INTARIAN_PEPPER_ROOT;XIRECS;13269.0;5
263900;;SUBMISSION;ASH_COATED_OSMIUM;XIRECS;10001.0;7
264400;SUBMISSION;;ASH_COATED_OSMIUM;XIRECS;9994.0;3
268600;;SUBMISSION;ASH_COATED_OSMIUM;XIRECS;10004.0;2
269200;SUBMISSION;;ASH_COATED_OSMIUM;XIRECS;9988.0;6
269300;;;INTARIAN_PEPPER_ROOT;XIRECS;13265.0;5
270600;SUBMISSION;;ASH_COATED_OSMIUM;XIRECS;9991.0;3
271100;;;INTARIAN_PEPPER_ROOT;XIRECS;13264.0;6
272400;;;INTARIAN_PEPPER_ROOT;XIRECS;13265.0;5
272500;SUBMISSION;;ASH_COATED_OSMIUM;XIRECS;9999.0;5
273700;;SUBMISSION;ASH_COATED_OSMIUM;XIRECS;10004.0;3
275300;;;INTARIAN_PEPPER_ROOT;XIRECS;13279.0;8
275500;;;INTARIAN_PEPPER_ROOT;XIRECS;13268.0;4
276900;SUBMISSION;;ASH_COATED_OSMIUM;XIRECS;9996.0;8
278100;;;INTARIAN_PEPPER_ROOT;XIRECS;13271.0;4
278900;;;INTARIAN_PEPPER_ROOT;XIRECS;13272.0;7
280000;SUBMISSION;;ASH_COATED_OSMIUM;XIRECS;9994.0;7
280300;;SUBMISSION;ASH_COATED_OSMIUM;XIRECS;10004.0;8
282000;;;INTARIAN_PEPPER_ROOT;XIRECS;13275.0;7
283600;SUBMISSION;;ASH_COATED_OSMIUM;XIRECS;9994.0;4
285200;;SUBMISSION;ASH_COATED_OSMIUM;XIRECS;10002.0;6
285300;SUBMISSION;;ASH_COATED_OSMIUM;XIRECS;9989.0;10
286600;SUBMISSION;;ASH_COATED_OSMIUM;XIRECS;9997.0;2
287000;;;ASH_COATED_OSMIUM;XIRECS;9997.0;4
288300;SUBMISSION;;ASH_COATED_OSMIUM;XIRECS;9993.0;6
288300;;;INTARIAN_PEPPER_ROOT;XIRECS;13281.0;6
288700;;;INTARIAN_PEPPER_ROOT;XIRECS;13296.0;7
291500;;;INTARIAN_PEPPER_ROOT;XIRECS;13284.0;4
294800;;;INTARIAN_PEPPER_ROOT;XIRECS;13284.0;3
295700;;SUBMISSION;ASH_COATED_OSMIUM;XIRECS;10001.0;7
296700;SUBMISSION;;ASH_COATED_OSMIUM;XIRECS;9993.0;6
297200;;;INTARIAN_PEPPER_ROOT;XIRECS;13290.0;7
298600;SUBMISSION;;ASH_COATED_OSMIUM;XIRECS;9989.0;6
298600;;SUBMISSION;ASH_COATED_OSMIUM;XIRECS;10002.0;6
298700;;SUBMISSION;ASH_COATED_OSMIUM;XIRECS;10002.0;6
300700;;SUBMISSION;ASH_COATED_OSMIUM;XIRECS;10005.0;6
300800;;;INTARIAN_PEPPER_ROOT;XIRECS;13308.0;3
300900;SUBMISSION;;ASH_COATED_OSMIUM;XIRECS;9998.0;2
303500;SUBMISSION;;ASH_COATED_OSMIUM;XIRECS;9997.0;2
303500;SUBMISSION;;ASH_COATED_OSMIUM;XIRECS;9989.0;8
303800;SUBMISSION;;ASH_COATED_OSMIUM;XIRECS;9997.0;2
304800;;SUBMISSION;ASH_COATED_OSMIUM;XIRECS;10002.0;5
305000;SUBMISSION;;ASH_COATED_OSMIUM;XIRECS;9996.0;5
305800;;;INTARIAN_PEPPER_ROOT;XIRECS;13313.0;6
307100;SUBMISSION;;ASH_COATED_OSMIUM;XIRECS;9996.0;8
308200;SUBMISSION;;ASH_COATED_OSMIUM;XIRECS;9992.0;6
308400;;SUBMISSION;ASH_COATED_OSMIUM;XIRECS;10005.0;4
308600;SUBMISSION;;ASH_COATED_OSMIUM;XIRECS;9992.0;5
309100;SUBMISSION;;ASH_COATED_OSMIUM;XIRECS;9992.0;3
310200;;SUBMISSION;ASH_COATED_OSMIUM;XIRECS;10000.0;5
310800;SUBMISSION;;ASH_COATED_OSMIUM;XIRECS;9992.0;4
313000;;;INTARIAN_PEPPER_ROOT;XIRECS;13316.0;5
313400;SUBMISSION;;ASH_COATED_OSMIUM;XIRECS;9993.0;5
314500;;;INTARIAN_PEPPER_ROOT;XIRECS;13310.0;4
315200;SUBMISSION;;ASH_COATED_OSMIUM;XIRECS;9994.0;3
316300;;;INTARIAN_PEPPER_ROOT;XIRECS;13309.0;4
318000;;;INTARIAN_PEPPER_ROOT;XIRECS;13311.0;4
318400;SUBMISSION;;ASH_COATED_OSMIUM;XIRECS;9999.0;6
318400;;;INTARIAN_PEPPER_ROOT;XIRECS;13326.0;6
319400;;;INTARIAN_PEPPER_ROOT;XIRECS;13330.0;5
321700;;;INTARIAN_PEPPER_ROOT;XIRECS;13329.0;3
322400;;SUBMISSION;ASH_COATED_OSMIUM;XIRECS;10005.0;4
322600;;;INTARIAN_PEPPER_ROOT;XIRECS;13312.0;3
323600;;SUBMISSION;ASH_COATED_OSMIUM;XIRECS;10009.0;5
323800;;SUBMISSION;ASH_COATED_OSMIUM;XIRECS;10012.0;2
324300;SUBMISSION;;ASH_COATED_OSMIUM;XIRECS;9995.0;4
325300;SUBMISSION;;ASH_COATED_OSMIUM;XIRECS;9995.0;6
325700;SUBMISSION;;ASH_COATED_OSMIUM;XIRECS;9995.0;6
326500;;SUBMISSION;ASH_COATED_OSMIUM;XIRECS;10009.0;5
327100;;;INTARIAN_PEPPER_ROOT;XIRECS;13320.0;6
327500;;;INTARIAN_PEPPER_ROOT;XIRECS;13338.0;4
327900;SUBMISSION;;ASH_COATED_OSMIUM;XIRECS;9996.0;3
328500;;SUBMISSION;ASH_COATED_OSMIUM;XIRECS;10010.0;5
328500;;;INTARIAN_PEPPER_ROOT;XIRECS;13324.0;4
329500;;;INTARIAN_PEPPER_ROOT;XIRECS;13322.0;5
331800;;SUBMISSION;ASH_COATED_OSMIUM;XIRECS;10002.0;10
332200;;;INTARIAN_PEPPER_ROOT;XIRECS;13339.0;7
332300;;;INTARIAN_PEPPER_ROOT;XIRECS;13339.0;6
333100;;SUBMISSION;ASH_COATED_OSMIUM;XIRECS;10002.0;7
334900;;SUBMISSION;ASH_COATED_OSMIUM;XIRECS;10010.0;6
335900;SUBMISSION;;ASH_COATED_OSMIUM;XIRECS;9999.0;4
336300;;SUBMISSION;ASH_COATED_OSMIUM;XIRECS;10007.0;2
337700;;SUBMISSION;ASH_COATED_OSMIUM;XIRECS;10008.0;8
338500;;SUBMISSION;ASH_COATED_OSMIUM;XIRECS;10003.0;8
339500;;SUBMISSION;ASH_COATED_OSMIUM;XIRECS;10008.0;5
339900;SUBMISSION;;ASH_COATED_OSMIUM;XIRECS;9992.0;3
340800;;;INTARIAN_PEPPER_ROOT;XIRECS;13348.0;4
341100;;;INTARIAN_PEPPER_ROOT;XIRECS;13348.0;6
341500;;SUBMISSION;ASH_COATED_OSMIUM;XIRECS;10006.0;5
341500;;SUBMISSION;ASH_COATED_OSMIUM;XIRECS;10011.0;4
341900;;SUBMISSION;ASH_COATED_OSMIUM;XIRECS;10002.0;3
343200;SUBMISSION;;ASH_COATED_OSMIUM;XIRECS;9997.0;2
344200;;;INTARIAN_PEPPER_ROOT;XIRECS;13348.0;4
344700;SUBMISSION;;ASH_COATED_OSMIUM;XIRECS;9996.0;3
346100;SUBMISSION;;ASH_COATED_OSMIUM;XIRECS;9996.0;3
346900;SUBMISSION;;ASH_COATED_OSMIUM;XIRECS;9997.0;5
346900;;SUBMISSION;ASH_COATED_OSMIUM;XIRECS;10011.0;10
347300;;SUBMISSION;ASH_COATED_OSMIUM;XIRECS;10001.0;2
348800;SUBMISSION;;ASH_COATED_OSMIUM;XIRECS;9996.0;5
348900;;SUBMISSION;ASH_COATED_OSMIUM;XIRECS;10002.0;4
348900;;;INTARIAN_PEPPER_ROOT;XIRECS;13356.0;3
349600;;SUBMISSION;ASH_COATED_OSMIUM;XIRECS;10010.0;3
349700;SUBMISSION;;ASH_COATED_OSMIUM;XIRECS;10000.0;9
350000;;;INTARIAN_PEPPER_ROOT;XIRECS;13339.0;3
350400;SUBMISSION;;ASH_COATED_OSMIUM;XIRECS;9996.0;5
351600;;;INTARIAN_PEPPER_ROOT;XIRECS;13359.0;7
353300;;;INTARIAN_PEPPER_ROOT;XIRECS;13346.0;7
353400;;SUBMISSION;ASH_COATED_OSMIUM;XIRECS;10010.0;5
354700;SUBMISSION;;ASH_COATED_OSMIUM;XIRECS;9993.0;5
355700;SUBMISSION;;ASH_COATED_OSMIUM;XIRECS;9994.0;5
357500;SUBMISSION;;ASH_COATED_OSMIUM;XIRECS;9999.0;10
359000;;SUBMISSION;ASH_COATED_OSMIUM;XIRECS;10003.0;5
359800;;SUBMISSION;ASH_COATED_OSMIUM;XIRECS;10000.0;2
360200;;SUBMISSION;ASH_COATED_OSMIUM;XIRECS;10000.0;4
361400;;SUBMISSION;ASH_COATED_OSMIUM;XIRECS;10005.0;10
361400;;;INTARIAN_PEPPER_ROOT;XIRECS;13351.0;3
363900;;SUBMISSION;ASH_COATED_OSMIUM;XIRECS;10003.0;4
363900;;;INTARIAN_PEPPER_ROOT;XIRECS;13371.0;3
364400;;SUBMISSION;ASH_COATED_OSMIUM;XIRECS;10003.0;3
365600;;SUBMISSION;ASH_COATED_OSMIUM;XIRECS;10008.0;5
365800;;SUBMISSION;ASH_COATED_OSMIUM;XIRECS;10014.0;4
366900;SUBMISSION;;ASH_COATED_OSMIUM;XIRECS;9999.0;6
367100;SUBMISSION;;ASH_COATED_OSMIUM;XIRECS;9997.0;2
367400;;SUBMISSION;ASH_COATED_OSMIUM;XIRECS;10003.0;2
368400;;SUBMISSION;ASH_COATED_OSMIUM;XIRECS;10014.0;10
369300;;SUBMISSION;ASH_COATED_OSMIUM;XIRECS;10001.0;10
369900;;SUBMISSION;ASH_COATED_OSMIUM;XIRECS;10015.0;4
370000;;SUBMISSION;ASH_COATED_OSMIUM;XIRECS;10001.0;14
370100;;SUBMISSION;ASH_COATED_OSMIUM;XIRECS;10001.0;10
370200;;SUBMISSION;ASH_COATED_OSMIUM;XIRECS;10001.0;11
370300;;SUBMISSION;ASH_COATED_OSMIUM;XIRECS;10001.0;9
371300;;;INTARIAN_PEPPER_ROOT;XIRECS;13378.0;6
372000;;;ASH_COATED_OSMIUM;XIRECS;10016.0;8
372800;;;INTARIAN_PEPPER_ROOT;XIRECS;13366.0;7
375300;;;ASH_COATED_OSMIUM;XIRECS;10013.0;6
375800;;;INTARIAN_PEPPER_ROOT;XIRECS;13369.0;5
376700;;;INTARIAN_PEPPER_ROOT;XIRECS;13370.0;4
377200;;;ASH_COATED_OSMIUM;XIRECS;10001.0;4
378300;SUBMISSION;;ASH_COATED_OSMIUM;XIRECS;9997.0;4
379400;;;INTARIAN_PEPPER_ROOT;XIRECS;13372.0;3
379700;SUBMISSION;;ASH_COATED_OSMIUM;XIRECS;9999.0;6
382000;;SUBMISSION;ASH_COATED_OSMIUM;XIRECS;10013.0;6
382500;;SUBMISSION;ASH_COATED_OSMIUM;XIRECS;10003.0;2
383900;;SUBMISSION;ASH_COATED_OSMIUM;XIRECS;10012.0;2
384200;SUBMISSION;;ASH_COATED_OSMIUM;XIRECS;9998.0;10
385300;;SUBMISSION;ASH_COATED_OSMIUM;XIRECS;10005.0;9
386400;;SUBMISSION;ASH_COATED_OSMIUM;XIRECS;10001.0;1
386900;SUBMISSION;;ASH_COATED_OSMIUM;XIRECS;9998.0;5
387600;;;INTARIAN_PEPPER_ROOT;XIRECS;13380.0;5
387800;;SUBMISSION;ASH_COATED_OSMIUM;XIRECS;10002.0;4
389100;;SUBMISSION;ASH_COATED_OSMIUM;XIRECS;10007.0;1
389400;;;ASH_COATED_OSMIUM;XIRECS;10013.0;3
389500;SUBMISSION;;ASH_COATED_OSMIUM;XIRECS;9999.0;6
390100;;SUBMISSION;ASH_COATED_OSMIUM;XIRECS;10012.0;5
391000;;SUBMISSION;ASH_COATED_OSMIUM;XIRECS;10012.0;1
391600;;;INTARIAN_PEPPER_ROOT;XIRECS;13384.0;4
392000;;;ASH_COATED_OSMIUM;XIRECS;10013.0;8
392300;;;INTARIAN_PEPPER_ROOT;XIRECS;13388.0;5
394600;SUBMISSION;;ASH_COATED_OSMIUM;XIRECS;9998.0;7
394800;;SUBMISSION;ASH_COATED_OSMIUM;XIRECS;10002.0;5
394900;;SUBMISSION;ASH_COATED_OSMIUM;XIRECS;10002.0;2
396000;;;INTARIAN_PEPPER_ROOT;XIRECS;13400.0;8
396100;SUBMISSION;;ASH_COATED_OSMIUM;XIRECS;9999.0;5
396800;SUBMISSION;;ASH_COATED_OSMIUM;XIRECS;9999.0;4
397500;;;INTARIAN_PEPPER_ROOT;XIRECS;13405.0;6
398400;;;INTARIAN_PEPPER_ROOT;XIRECS;13394.0;6
398600;;SUBMISSION;ASH_COATED_OSMIUM;XIRECS;10006.0;8
399000;;SUBMISSION;ASH_COATED_OSMIUM;XIRECS;10002.0;1
400100;;;INTARIAN_PEPPER_ROOT;XIRECS;13396.0;8
402200;;;INTARIAN_PEPPER_ROOT;XIRECS;13395.0;6
404000;;;ASH_COATED_OSMIUM;XIRECS;10004.0;5
404000;;;INTARIAN_PEPPER_ROOT;XIRECS;13411.0;4
404200;;;INTARIAN_PEPPER_ROOT;XIRECS;13408.0;4
404700;;;INTARIAN_PEPPER_ROOT;XIRECS;13412.0;5
405000;SUBMISSION;;ASH_COATED_OSMIUM;XIRECS;9998.0;5
405300;;SUBMISSION;ASH_COATED_OSMIUM;XIRECS;10004.0;5
406400;;;INTARIAN_PEPPER_ROOT;XIRECS;13410.0;5
408600;;;ASH_COATED_OSMIUM;XIRECS;10009.0;10
409700;;;INTARIAN_PEPPER_ROOT;XIRECS;13402.0;5
410500;;;ASH_COATED_OSMIUM;XIRECS;10009.0;2
411200;;;INTARIAN_PEPPER_ROOT;XIRECS;13415.0;7
411300;;;INTARIAN_PEPPER_ROOT;XIRECS;13415.0;7
412500;;;ASH_COATED_OSMIUM;XIRECS;10009.0;4
413600;SUBMISSION;;ASH_COATED_OSMIUM;XIRECS;9999.0;7
415600;SUBMISSION;;ASH_COATED_OSMIUM;XIRECS;9993.0;9
415700;;;INTARIAN_PEPPER_ROOT;XIRECS;13419.0;3
416800;SUBMISSION;;ASH_COATED_OSMIUM;XIRECS;9993.0;8
419500;SUBMISSION;;ASH_COATED_OSMIUM;XIRECS;9991.0;9
419900;;;INTARIAN_PEPPER_ROOT;XIRECS;13423.0;6
420400;SUBMISSION;;ASH_COATED_OSMIUM;XIRECS;9994.0;4
423800;;SUBMISSION;ASH_COATED_OSMIUM;XIRECS;10004.0;7
424500;;;INTARIAN_PEPPER_ROOT;XIRECS;13428.0;7
424700;SUBMISSION;;ASH_COATED_OSMIUM;XIRECS;9997.0;6
424900;;SUBMISSION;ASH_COATED_OSMIUM;XIRECS;10004.0;10
425100;;SUBMISSION;ASH_COATED_OSMIUM;XIRECS;10010.0;4
428300;SUBMISSION;;ASH_COATED_OSMIUM;XIRECS;9995.0;3
428300;;SUBMISSION;ASH_COATED_OSMIUM;XIRECS;10013.0;5
429300;SUBMISSION;;ASH_COATED_OSMIUM;XIRECS;9997.0;2
430200;SUBMISSION;;ASH_COATED_OSMIUM;XIRECS;9998.0;8
430900;;;INTARIAN_PEPPER_ROOT;XIRECS;13438.0;5
431000;;;INTARIAN_PEPPER_ROOT;XIRECS;13435.0;5
431200;;;INTARIAN_PEPPER_ROOT;XIRECS;13438.0;4
431900;SUBMISSION;;ASH_COATED_OSMIUM;XIRECS;9998.0;5
433500;;;INTARIAN_PEPPER_ROOT;XIRECS;13441.0;7
434700;SUBMISSION;;ASH_COATED_OSMIUM;XIRECS;9998.0;5
435300;;;INTARIAN_PEPPER_ROOT;XIRECS;13431.0;8
435500;;SUBMISSION;ASH_COATED_OSMIUM;XIRECS;10010.0;9
435600;;SUBMISSION;ASH_COATED_OSMIUM;XIRECS;10001.0;5
437600;SUBMISSION;;ASH_COATED_OSMIUM;XIRECS;9999.0;10
438000;;;INTARIAN_PEPPER_ROOT;XIRECS;13433.0;7
438500;;SUBMISSION;ASH_COATED_OSMIUM;XIRECS;10007.0;5
439100;;;INTARIAN_PEPPER_ROOT;XIRECS;13432.0;7
440400;;SUBMISSION;ASH_COATED_OSMIUM;XIRECS;10001.0;7
440500;;;INTARIAN_PEPPER_ROOT;XIRECS;13451.0;5
441700;;;INTARIAN_PEPPER_ROOT;XIRECS;13449.0;3
444100;;;INTARIAN_PEPPER_ROOT;XIRECS;13451.0;3
444300;;;INTARIAN_PEPPER_ROOT;XIRECS;13440.0;7
445400;;;INTARIAN_PEPPER_ROOT;XIRECS;13453.0;6
446800;;SUBMISSION;ASH_COATED_OSMIUM;XIRECS;10004.0;6
446800;;SUBMISSION;ASH_COATED_OSMIUM;XIRECS;10009.0;9
446900;;;INTARIAN_PEPPER_ROOT;XIRECS;13454.0;6
447000;SUBMISSION;;ASH_COATED_OSMIUM;XIRECS;9996.0;6
450900;;SUBMISSION;ASH_COATED_OSMIUM;XIRECS;10007.0;2
451600;SUBMISSION;;ASH_COATED_OSMIUM;XIRECS;9998.0;10
452000;;SUBMISSION;ASH_COATED_OSMIUM;XIRECS;10006.0;5
455200;;;INTARIAN_PEPPER_ROOT;XIRECS;13451.0;6
455700;;SUBMISSION;ASH_COATED_OSMIUM;XIRECS;10004.0;5
456000;SUBMISSION;;ASH_COATED_OSMIUM;XIRECS;9992.0;4
456400;SUBMISSION;;ASH_COATED_OSMIUM;XIRECS;10000.0;5
456500;;;INTARIAN_PEPPER_ROOT;XIRECS;13449.0;4
457400;SUBMISSION;;ASH_COATED_OSMIUM;XIRECS;9992.0;3
457500;SUBMISSION;;ASH_COATED_OSMIUM;XIRECS;10000.0;2
459100;SUBMISSION;;ASH_COATED_OSMIUM;XIRECS;9992.0;2
459700;;SUBMISSION;ASH_COATED_OSMIUM;XIRECS;10001.0;8
460100;;SUBMISSION;ASH_COATED_OSMIUM;XIRECS;10006.0;2
462600;SUBMISSION;;ASH_COATED_OSMIUM;XIRECS;9993.0;6
463300;SUBMISSION;;ASH_COATED_OSMIUM;XIRECS;9993.0;10
463800;SUBMISSION;;ASH_COATED_OSMIUM;XIRECS;9997.0;10
464000;SUBMISSION;;ASH_COATED_OSMIUM;XIRECS;9993.0;6
464400;;SUBMISSION;ASH_COATED_OSMIUM;XIRECS;10001.0;7
465100;;SUBMISSION;ASH_COATED_OSMIUM;XIRECS;10007.0;3
465300;;;INTARIAN_PEPPER_ROOT;XIRECS;13469.0;8
465400;;;INTARIAN_PEPPER_ROOT;XIRECS;13473.0;7
468300;;SUBMISSION;ASH_COATED_OSMIUM;XIRECS;10001.0;8
468500;SUBMISSION;;ASH_COATED_OSMIUM;XIRECS;9993.0;5
468600;;SUBMISSION;ASH_COATED_OSMIUM;XIRECS;10006.0;2
468800;SUBMISSION;;ASH_COATED_OSMIUM;XIRECS;9996.0;9
469300;;;INTARIAN_PEPPER_ROOT;XIRECS;13465.0;6
470200;;SUBMISSION;ASH_COATED_OSMIUM;XIRECS;10001.0;7
471600;SUBMISSION;;ASH_COATED_OSMIUM;XIRECS;9995.0;4
472300;;SUBMISSION;ASH_COATED_OSMIUM;XIRECS;10007.0;3
472800;SUBMISSION;;ASH_COATED_OSMIUM;XIRECS;9997.0;8
473900;SUBMISSION;;ASH_COATED_OSMIUM;XIRECS;9997.0;9
474700;;;INTARIAN_PEPPER_ROOT;XIRECS;13482.0;4
475000;SUBMISSION;;ASH_COATED_OSMIUM;XIRECS;9997.0;7
475600;SUBMISSION;;ASH_COATED_OSMIUM;XIRECS;9996.0;8
477700;;;INTARIAN_PEPPER_ROOT;XIRECS;13470.0;5
478700;;;INTARIAN_PEPPER_ROOT;XIRECS;13471.0;4
480200;SUBMISSION;;ASH_COATED_OSMIUM;XIRECS;9988.0;6
480900;SUBMISSION;;ASH_COATED_OSMIUM;XIRECS;9988.0;6
481100;SUBMISSION;;ASH_COATED_OSMIUM;XIRECS;9997.0;2
481600;SUBMISSION;;ASH_COATED_OSMIUM;XIRECS;9989.0;4
481800;;SUBMISSION;ASH_COATED_OSMIUM;XIRECS;10003.0;3
482000;SUBMISSION;;ASH_COATED_OSMIUM;XIRECS;9988.0;7
482300;;SUBMISSION;ASH_COATED_OSMIUM;XIRECS;10002.0;3
482600;;;INTARIAN_PEPPER_ROOT;XIRECS;13490.0;4
483000;SUBMISSION;;ASH_COATED_OSMIUM;XIRECS;9988.0;5
483100;;SUBMISSION;ASH_COATED_OSMIUM;XIRECS;10001.0;5
483200;;;INTARIAN_PEPPER_ROOT;XIRECS;13476.0;7
483700;;;INTARIAN_PEPPER_ROOT;XIRECS;13476.0;7
484300;SUBMISSION;;ASH_COATED_OSMIUM;XIRECS;9996.0;3
484800;;;INTARIAN_PEPPER_ROOT;XIRECS;13478.0;7
485100;;;INTARIAN_PEPPER_ROOT;XIRECS;13478.0;6
487400;SUBMISSION;;ASH_COATED_OSMIUM;XIRECS;9995.0;5
488100;SUBMISSION;;ASH_COATED_OSMIUM;XIRECS;9984.0;5
488600;SUBMISSION;;ASH_COATED_OSMIUM;XIRECS;9996.0;5
488800;SUBMISSION;;ASH_COATED_OSMIUM;XIRECS;9987.0;7
489200;SUBMISSION;;ASH_COATED_OSMIUM;XIRECS;9992.0;5
490000;SUBMISSION;;ASH_COATED_OSMIUM;XIRECS;9997.0;5
490100;SUBMISSION;;ASH_COATED_OSMIUM;XIRECS;9997.0;5
490600;;SUBMISSION;ASH_COATED_OSMIUM;XIRECS;10001.0;5
490900;;;INTARIAN_PEPPER_ROOT;XIRECS;13494.0;5
491300;;;INTARIAN_PEPPER_ROOT;XIRECS;13484.0;6
491900;;SUBMISSION;ASH_COATED_OSMIUM;XIRECS;10001.0;4
494600;;SUBMISSION;ASH_COATED_OSMIUM;XIRECS;10003.0;3
495700;SUBMISSION;;ASH_COATED_OSMIUM;XIRECS;9988.0;7
496000;SUBMISSION;;ASH_COATED_OSMIUM;XIRECS;9987.0;4
496200;;;INTARIAN_PEPPER_ROOT;XIRECS;13489.0;5
496200;;;INTARIAN_PEPPER_ROOT;XIRECS;13492.0;5
497500;SUBMISSION;;ASH_COATED_OSMIUM;XIRECS;9985.0;6
498400;SUBMISSION;;ASH_COATED_OSMIUM;XIRECS;9989.0;5
499500;;SUBMISSION;ASH_COATED_OSMIUM;XIRECS;10001.0;3
502900;SUBMISSION;;ASH_COATED_OSMIUM;XIRECS;9990.0;5
503400;SUBMISSION;;ASH_COATED_OSMIUM;XIRECS;9999.0;4
504000;SUBMISSION;;ASH_COATED_OSMIUM;XIRECS;9999.0;4
504200;SUBMISSION;;ASH_COATED_OSMIUM;XIRECS;9999.0;5
505800;SUBMISSION;;ASH_COATED_OSMIUM;XIRECS;9991.0;3
505900;SUBMISSION;;ASH_COATED_OSMIUM;XIRECS;9991.0;2
506100;;SUBMISSION;ASH_COATED_OSMIUM;XIRECS;10003.0;2
506200;;;INTARIAN_PEPPER_ROOT;XIRECS;13502.0;5
508500;SUBMISSION;;ASH_COATED_OSMIUM;XIRECS;9992.0;2
510200;;SUBMISSION;ASH_COATED_OSMIUM;XIRECS;10003.0;5
512300;;SUBMISSION;ASH_COATED_OSMIUM;XIRECS;10006.0;2
512700;;;INTARIAN_PEPPER_ROOT;XIRECS;13523.0;3
513700;SUBMISSION;;ASH_COATED_OSMIUM;XIRECS;9995.0;5
514300;;SUBMISSION;ASH_COATED_OSMIUM;XIRECS;10003.0;7
514500;;SUBMISSION;ASH_COATED_OSMIUM;XIRECS;10000.0;3
514700;SUBMISSION;;ASH_COATED_OSMIUM;XIRECS;9993.0;5
517600;;SUBMISSION;ASH_COATED_OSMIUM;XIRECS;10005.0;5
517600;;;ASH_COATED_OSMIUM;XIRECS;10005.0;4
517700;;;INTARIAN_PEPPER_ROOT;XIRECS;13510.0;4
518700;;;INTARIAN_PEPPER_ROOT;XIRECS;13526.0;6
520200;SUBMISSION;;ASH_COATED_OSMIUM;XIRECS;9999.0;6
520500;;;INTARIAN_PEPPER_ROOT;XIRECS;13513.0;6
520500;;;INTARIAN_PEPPER_ROOT;XIRECS;13516.0;4
522100;;SUBMISSION;ASH_COATED_OSMIUM;XIRECS;10002.0;4
522100;;SUBMISSION;ASH_COATED_OSMIUM;XIRECS;10010.0;5
522900;;;INTARIAN_PEPPER_ROOT;XIRECS;13530.0;6
523100;;;INTARIAN_PEPPER_ROOT;XIRECS;13530.0;7
523300;;SUBMISSION;ASH_COATED_OSMIUM;XIRECS;10004.0;4
523500;;SUBMISSION;ASH_COATED_OSMIUM;XIRECS;10009.0;5
524400;;SUBMISSION;ASH_COATED_OSMIUM;XIRECS;10008.0;3
524600;;;INTARIAN_PEPPER_ROOT;XIRECS;13532.0;4
525700;SUBMISSION;;ASH_COATED_OSMIUM;XIRECS;9997.0;6
526400;;SUBMISSION;ASH_COATED_OSMIUM;XIRECS;10005.0;10
528400;;SUBMISSION;ASH_COATED_OSMIUM;XIRECS;10001.0;4
529400;;;INTARIAN_PEPPER_ROOT;XIRECS;13533.0;4
529500;;SUBMISSION;ASH_COATED_OSMIUM;XIRECS;10002.0;9
530000;;;INTARIAN_PEPPER_ROOT;XIRECS;13525.0;6
530400;;SUBMISSION;ASH_COATED_OSMIUM;XIRECS;10006.0;5
530500;SUBMISSION;;ASH_COATED_OSMIUM;XIRECS;9993.0;2
531700;;;INTARIAN_PEPPER_ROOT;XIRECS;13539.0;4
531800;;SUBMISSION;ASH_COATED_OSMIUM;XIRECS;10005.0;4
532000;;SUBMISSION;ASH_COATED_OSMIUM;XIRECS;10000.0;4
534000;SUBMISSION;;ASH_COATED_OSMIUM;XIRECS;9995.0;10
534500;;;INTARIAN_PEPPER_ROOT;XIRECS;13542.0;4
534800;SUBMISSION;;ASH_COATED_OSMIUM;XIRECS;9997.0;4
535200;SUBMISSION;;ASH_COATED_OSMIUM;XIRECS;9993.0;5
536000;SUBMISSION;;ASH_COATED_OSMIUM;XIRECS;9989.0;5
536700;SUBMISSION;;ASH_COATED_OSMIUM;XIRECS;9987.0;3
537500;SUBMISSION;;ASH_COATED_OSMIUM;XIRECS;9987.0;2
537500;;;INTARIAN_PEPPER_ROOT;XIRECS;13541.0;4
537700;SUBMISSION;;ASH_COATED_OSMIUM;XIRECS;9995.0;5
538600;;SUBMISSION;ASH_COATED_OSMIUM;XIRECS;10001.0;5
540700;;;INTARIAN_PEPPER_ROOT;XIRECS;13536.0;7
541700;;;INTARIAN_PEPPER_ROOT;XIRECS;13549.0;5
542000;;SUBMISSION;ASH_COATED_OSMIUM;XIRECS;10002.0;10
543600;SUBMISSION;;ASH_COATED_OSMIUM;XIRECS;9994.0;5
543600;SUBMISSION;;ASH_COATED_OSMIUM;XIRECS;9990.0;6
544000;SUBMISSION;;ASH_COATED_OSMIUM;XIRECS;9994.0;7
544300;;;INTARIAN_PEPPER_ROOT;XIRECS;13537.0;4
544300;;;INTARIAN_PEPPER_ROOT;XIRECS;13540.0;4
545000;;;INTARIAN_PEPPER_ROOT;XIRECS;13540.0;4
545300;SUBMISSION;;ASH_COATED_OSMIUM;XIRECS;9998.0;5
546100;;SUBMISSION;ASH_COATED_OSMIUM;XIRECS;10006.0;3
547300;;SUBMISSION;ASH_COATED_OSMIUM;XIRECS;10000.0;6
547800;;;INTARIAN_PEPPER_ROOT;XIRECS;13543.0;3
547900;SUBMISSION;;ASH_COATED_OSMIUM;XIRECS;9988.0;2
547900;SUBMISSION;;ASH_COATED_OSMIUM;XIRECS;9988.0;7
549500;SUBMISSION;;ASH_COATED_OSMIUM;XIRECS;9999.0;5
549900;SUBMISSION;;ASH_COATED_OSMIUM;XIRECS;9992.0;3
551100;SUBMISSION;;ASH_COATED_OSMIUM;XIRECS;9998.0;3
552300;SUBMISSION;;ASH_COATED_OSMIUM;XIRECS;9998.0;2
553100;;;ASH_COATED_OSMIUM;XIRECS;9989.0;4
553400;;;ASH_COATED_OSMIUM;XIRECS;9989.0;3
554300;;;INTARIAN_PEPPER_ROOT;XIRECS;13562.0;5
555500;;;INTARIAN_PEPPER_ROOT;XIRECS;13563.0;3
556400;;SUBMISSION;ASH_COATED_OSMIUM;XIRECS;10002.0;3
556900;;SUBMISSION;ASH_COATED_OSMIUM;XIRECS;10002.0;2
558600;;SUBMISSION;ASH_COATED_OSMIUM;XIRECS;10005.0;3
559000;SUBMISSION;;ASH_COATED_OSMIUM;XIRECS;9998.0;2
562000;;SUBMISSION;ASH_COATED_OSMIUM;XIRECS;10006.0;9
562100;;;INTARIAN_PEPPER_ROOT;XIRECS;13555.0;3
562600;;SUBMISSION;ASH_COATED_OSMIUM;XIRECS;10002.0;5
562600;SUBMISSION;;ASH_COATED_OSMIUM;XIRECS;9993.0;5
562700;SUBMISSION;;ASH_COATED_OSMIUM;XIRECS;9998.0;7
563900;SUBMISSION;;ASH_COATED_OSMIUM;XIRECS;9996.0;8
564600;;;ASH_COATED_OSMIUM;XIRECS;9991.0;10
566100;;SUBMISSION;ASH_COATED_OSMIUM;XIRECS;10000.0;9
570500;;SUBMISSION;ASH_COATED_OSMIUM;XIRECS;10001.0;7
572800;;SUBMISSION;ASH_COATED_OSMIUM;XIRECS;10006.0;9
572900;;SUBMISSION;ASH_COATED_OSMIUM;XIRECS;10005.0;7
573700;SUBMISSION;;ASH_COATED_OSMIUM;XIRECS;9993.0;4
574500;;SUBMISSION;ASH_COATED_OSMIUM;XIRECS;10001.0;4
576300;;;INTARIAN_PEPPER_ROOT;XIRECS;13569.0;6
576400;;;INTARIAN_PEPPER_ROOT;XIRECS;13572.0;3
578400;;SUBMISSION;ASH_COATED_OSMIUM;XIRECS;10010.0;7
579000;SUBMISSION;;ASH_COATED_OSMIUM;XIRECS;9998.0;5
579800;;;ASH_COATED_OSMIUM;XIRECS;10002.0;4
581000;;SUBMISSION;ASH_COATED_OSMIUM;XIRECS;10002.0;5
581200;SUBMISSION;;ASH_COATED_OSMIUM;XIRECS;9998.0;8
581400;;SUBMISSION;ASH_COATED_OSMIUM;XIRECS;10002.0;10
582300;SUBMISSION;;ASH_COATED_OSMIUM;XIRECS;9993.0;5
583000;;;INTARIAN_PEPPER_ROOT;XIRECS;13576.0;5
583400;SUBMISSION;;ASH_COATED_OSMIUM;XIRECS;9989.0;6
584200;;SUBMISSION;ASH_COATED_OSMIUM;XIRECS;10001.0;9
584800;;;INTARIAN_PEPPER_ROOT;XIRECS;13580.0;7
585100;;SUBMISSION;ASH_COATED_OSMIUM;XIRECS;10000.0;8
586400;SUBMISSION;;ASH_COATED_OSMIUM;XIRECS;9993.0;5
586600;;SUBMISSION;ASH_COATED_OSMIUM;XIRECS;10005.0;5
588900;SUBMISSION;;ASH_COATED_OSMIUM;XIRECS;9997.0;6
590500;SUBMISSION;;ASH_COATED_OSMIUM;XIRECS;9993.0;2
590700;SUBMISSION;;ASH_COATED_OSMIUM;XIRECS;9998.0;8
591600;;;INTARIAN_PEPPER_ROOT;XIRECS;13584.0;6
592900;;;INTARIAN_PEPPER_ROOT;XIRECS;13600.0;4
593300;SUBMISSION;;ASH_COATED_OSMIUM;XIRECS;9992.0;7
594400;;SUBMISSION;ASH_COATED_OSMIUM;XIRECS;10005.0;6
595100;SUBMISSION;;ASH_COATED_OSMIUM;XIRECS;9990.0;2
596600;;;INTARIAN_PEPPER_ROOT;XIRECS;13607.0;7
596800;SUBMISSION;;ASH_COATED_OSMIUM;XIRECS;9993.0;6
600000;;;INTARIAN_PEPPER_ROOT;XIRECS;13604.0;7
603000;;SUBMISSION;ASH_COATED_OSMIUM;XIRECS;10009.0;9
603000;;;INTARIAN_PEPPER_ROOT;XIRECS;13607.0;6
604200;SUBMISSION;;ASH_COATED_OSMIUM;XIRECS;9998.0;9
604600;;SUBMISSION;ASH_COATED_OSMIUM;XIRECS;10003.0;5
604900;SUBMISSION;;ASH_COATED_OSMIUM;XIRECS;9996.0;6
605800;;SUBMISSION;ASH_COATED_OSMIUM;XIRECS;10009.0;9
606500;;SUBMISSION;ASH_COATED_OSMIUM;XIRECS;10000.0;4
606900;SUBMISSION;;ASH_COATED_OSMIUM;XIRECS;9994.0;5
607100;;SUBMISSION;ASH_COATED_OSMIUM;XIRECS;10004.0;5
608000;;;INTARIAN_PEPPER_ROOT;XIRECS;13601.0;7
608200;;SUBMISSION;ASH_COATED_OSMIUM;XIRECS;10003.0;5
608600;;SUBMISSION;ASH_COATED_OSMIUM;XIRECS;10001.0;4
609000;SUBMISSION;;ASH_COATED_OSMIUM;XIRECS;9991.0;5
609300;SUBMISSION;;ASH_COATED_OSMIUM;XIRECS;9993.0;5
609900;;;INTARIAN_PEPPER_ROOT;XIRECS;13605.0;6
610900;;;INTARIAN_PEPPER_ROOT;XIRECS;13600.0;5
612200;;;INTARIAN_PEPPER_ROOT;XIRECS;13605.0;3
613300;;;INTARIAN_PEPPER_ROOT;XIRECS;13606.0;5
613500;;;INTARIAN_PEPPER_ROOT;XIRECS;13606.0;3
614000;;;INTARIAN_PEPPER_ROOT;XIRECS;13607.0;4
616300;;;INTARIAN_PEPPER_ROOT;XIRECS;13612.0;5
616400;;SUBMISSION;ASH_COATED_OSMIUM;XIRECS;10007.0;8
616400;;;INTARIAN_PEPPER_ROOT;XIRECS;13606.0;3
616800;;SUBMISSION;ASH_COATED_OSMIUM;XIRECS;10006.0;7
617800;SUBMISSION;;ASH_COATED_OSMIUM;XIRECS;9994.0;5
618500;SUBMISSION;;ASH_COATED_OSMIUM;XIRECS;9994.0;5
618600;;;INTARIAN_PEPPER_ROOT;XIRECS;13611.0;6
619900;;SUBMISSION;ASH_COATED_OSMIUM;XIRECS;10002.0;7
620600;;SUBMISSION;ASH_COATED_OSMIUM;XIRECS;10007.0;4
621700;SUBMISSION;;ASH_COATED_OSMIUM;XIRECS;9994.0;10
624800;;;INTARIAN_PEPPER_ROOT;XIRECS;13632.0;5
626100;;;INTARIAN_PEPPER_ROOT;XIRECS;13615.0;5
627100;SUBMISSION;;ASH_COATED_OSMIUM;XIRECS;9997.0;4
627200;;;INTARIAN_PEPPER_ROOT;XIRECS;13635.0;4
627600;SUBMISSION;;ASH_COATED_OSMIUM;XIRECS;9993.0;5
629500;;;INTARIAN_PEPPER_ROOT;XIRECS;13622.0;5
629900;SUBMISSION;;ASH_COATED_OSMIUM;XIRECS;9996.0;2
630500;;;INTARIAN_PEPPER_ROOT;XIRECS;13620.0;4
631400;;;INTARIAN_PEPPER_ROOT;XIRECS;13624.0;5
633400;;;INTARIAN_PEPPER_ROOT;XIRECS;13623.0;3
633500;SUBMISSION;;ASH_COATED_OSMIUM;XIRECS;9998.0;5
633800;SUBMISSION;;ASH_COATED_OSMIUM;XIRECS;9989.0;3
634100;;SUBMISSION;ASH_COATED_OSMIUM;XIRECS;10005.0;8
634300;SUBMISSION;;ASH_COATED_OSMIUM;XIRECS;9998.0;5
634800;;;INTARIAN_PEPPER_ROOT;XIRECS;13630.0;6
635900;;SUBMISSION;ASH_COATED_OSMIUM;XIRECS;10003.0;3
639400;SUBMISSION;;ASH_COATED_OSMIUM;XIRECS;9995.0;3
643600;SUBMISSION;;ASH_COATED_OSMIUM;XIRECS;9999.0;13
643700;SUBMISSION;;ASH_COATED_OSMIUM;XIRECS;9999.0;10
645400;;SUBMISSION;ASH_COATED_OSMIUM;XIRECS;10003.0;2
645500;SUBMISSION;;ASH_COATED_OSMIUM;XIRECS;9999.0;2
645700;;;ASH_COATED_OSMIUM;XIRECS;9983.0;7
648800;;;INTARIAN_PEPPER_ROOT;XIRECS;13641.0;7
649200;;;INTARIAN_PEPPER_ROOT;XIRECS;13642.0;4
651000;;;INTARIAN_PEPPER_ROOT;XIRECS;13658.0;6
651300;;;ASH_COATED_OSMIUM;XIRECS;9988.0;6
651500;;;INTARIAN_PEPPER_ROOT;XIRECS;13659.0;7
652600;;SUBMISSION;ASH_COATED_OSMIUM;XIRECS;10004.0;8
653400;SUBMISSION;;ASH_COATED_OSMIUM;XIRECS;9991.0;4
654400;;;INTARIAN_PEPPER_ROOT;XIRECS;13662.0;7
654800;SUBMISSION;;ASH_COATED_OSMIUM;XIRECS;9992.0;3
655100;SUBMISSION;;ASH_COATED_OSMIUM;XIRECS;9997.0;1
656200;;SUBMISSION;ASH_COATED_OSMIUM;XIRECS;10001.0;10
656400;;SUBMISSION;ASH_COATED_OSMIUM;XIRECS;10000.0;6
656900;SUBMISSION;;ASH_COATED_OSMIUM;XIRECS;9996.0;8
656900;;SUBMISSION;ASH_COATED_OSMIUM;XIRECS;10004.0;4
657800;;;INTARIAN_PEPPER_ROOT;XIRECS;13661.0;5
658300;SUBMISSION;;ASH_COATED_OSMIUM;XIRECS;9992.0;2
660500;SUBMISSION;;ASH_COATED_OSMIUM;XIRECS;9993.0;5
661100;;SUBMISSION;ASH_COATED_OSMIUM;XIRECS;10003.0;5
661600;SUBMISSION;;ASH_COATED_OSMIUM;XIRECS;9998.0;9
663700;;;INTARIAN_PEPPER_ROOT;XIRECS;13656.0;5
664800;;SUBMISSION;ASH_COATED_OSMIUM;XIRECS;10001.0;5
665900;;;INTARIAN_PEPPER_ROOT;XIRECS;13659.0;5
666100;;;INTARIAN_PEPPER_ROOT;XIRECS;13673.0;4
666200;SUBMISSION;;ASH_COATED_OSMIUM;XIRECS;9991.0;6
666500;;;ASH_COATED_OSMIUM;XIRECS;9991.0;3
666500;;;INTARIAN_PEPPER_ROOT;XIRECS;13662.0;7
667100;;SUBMISSION;ASH_COATED_OSMIUM;XIRECS;10007.0;6
668000;SUBMISSION;;ASH_COATED_OSMIUM;XIRECS;9996.0;4
668500;SUBMISSION;;ASH_COATED_OSMIUM;XIRECS;9998.0;2
669200;;;INTARIAN_PEPPER_ROOT;XIRECS;13662.0;3
669300;;SUBMISSION;ASH_COATED_OSMIUM;XIRECS;10003.0;6
669900;;;INTARIAN_PEPPER_ROOT;XIRECS;13665.0;7
670100;;;INTARIAN_PEPPER_ROOT;XIRECS;13663.0;6
670400;;;INTARIAN_PEPPER_ROOT;XIRECS;13660.0;5
671800;SUBMISSION;;ASH_COATED_OSMIUM;XIRECS;9992.0;6
673000;;;ASH_COATED_OSMIUM;XIRECS;10001.0;5
674100;;SUBMISSION;ASH_COATED_OSMIUM;XIRECS;10001.0;5
674200;;SUBMISSION;ASH_COATED_OSMIUM;XIRECS;10003.0;10
674900;SUBMISSION;;ASH_COATED_OSMIUM;XIRECS;9994.0;4
675000;;SUBMISSION;ASH_COATED_OSMIUM;XIRECS;10001.0;5
675200;SUBMISSION;;ASH_COATED_OSMIUM;XIRECS;9999.0;11
675900;SUBMISSION;;ASH_COATED_OSMIUM;XIRECS;9985.0;3
676900;;;INTARIAN_PEPPER_ROOT;XIRECS;13684.0;7
677000;SUBMISSION;;ASH_COATED_OSMIUM;XIRECS;9999.0;2
678900;;;ASH_COATED_OSMIUM;XIRECS;9999.0;9
679300;;;ASH_COATED_OSMIUM;XIRECS;9999.0;6
681900;;;ASH_COATED_OSMIUM;XIRECS;9985.0;6
685600;;SUBMISSION;ASH_COATED_OSMIUM;XIRECS;10001.0;4
685800;SUBMISSION;;ASH_COATED_OSMIUM;XIRECS;9988.0;2
687000;SUBMISSION;;ASH_COATED_OSMIUM;XIRECS;9997.0;2
687700;;;ASH_COATED_OSMIUM;XIRECS;9988.0;4
687800;;SUBMISSION;ASH_COATED_OSMIUM;XIRECS;10002.0;6
689100;;SUBMISSION;ASH_COATED_OSMIUM;XIRECS;10002.0;3
690200;SUBMISSION;;ASH_COATED_OSMIUM;XIRECS;9994.0;9
693000;;SUBMISSION;ASH_COATED_OSMIUM;XIRECS;10008.0;5
693600;;;INTARIAN_PEPPER_ROOT;XIRECS;13686.0;7
693900;SUBMISSION;;ASH_COATED_OSMIUM;XIRECS;9996.0;5
694800;;;ASH_COATED_OSMIUM;XIRECS;9992.0;2
700000;;SUBMISSION;ASH_COATED_OSMIUM;XIRECS;10004.0;10
700100;;;INTARIAN_PEPPER_ROOT;XIRECS;13693.0;4
700400;SUBMISSION;;ASH_COATED_OSMIUM;XIRECS;9995.0;6
701300;SUBMISSION;;ASH_COATED_OSMIUM;XIRECS;9996.0;4
701900;;SUBMISSION;ASH_COATED_OSMIUM;XIRECS;10010.0;3
702100;;SUBMISSION;ASH_COATED_OSMIUM;XIRECS;10001.0;3
702300;;SUBMISSION;ASH_COATED_OSMIUM;XIRECS;10005.0;6
702700;SUBMISSION;;ASH_COATED_OSMIUM;XIRECS;9997.0;6
702700;;;INTARIAN_PEPPER_ROOT;XIRECS;13706.0;6
702700;;;INTARIAN_PEPPER_ROOT;XIRECS;13706.0;2
703000;;SUBMISSION;ASH_COATED_OSMIUM;XIRECS;10001.0;5
703000;;;INTARIAN_PEPPER_ROOT;XIRECS;13710.0;6
703200;;SUBMISSION;ASH_COATED_OSMIUM;XIRECS;10006.0;9
706200;;SUBMISSION;ASH_COATED_OSMIUM;XIRECS;10010.0;5
706500;;SUBMISSION;ASH_COATED_OSMIUM;XIRECS;10010.0;3
706700;;SUBMISSION;ASH_COATED_OSMIUM;XIRECS;10009.0;7
706800;SUBMISSION;;ASH_COATED_OSMIUM;XIRECS;9996.0;7
707500;SUBMISSION;;ASH_COATED_OSMIUM;XIRECS;9997.0;2
707600;;SUBMISSION;ASH_COATED_OSMIUM;XIRECS;10011.0;10
709300;;SUBMISSION;ASH_COATED_OSMIUM;XIRECS;10004.0;2
709500;;SUBMISSION;ASH_COATED_OSMIUM;XIRECS;10004.0;4
710700;;;INTARIAN_PEPPER_ROOT;XIRECS;13718.0;5
710800;;SUBMISSION;ASH_COATED_OSMIUM;XIRECS;10002.0;4
710800;SUBMISSION;;ASH_COATED_OSMIUM;XIRECS;9995.0;6
714800;;;ASH_COATED_OSMIUM;XIRECS;9998.0;6
715300;;;INTARIAN_PEPPER_ROOT;XIRECS;13708.0;4
716100;;SUBMISSION;ASH_COATED_OSMIUM;XIRECS;10011.0;7
718900;;;INTARIAN_PEPPER_ROOT;XIRECS;13708.0;3
720500;;;INTARIAN_PEPPER_ROOT;XIRECS;13716.0;6
720800;SUBMISSION;;ASH_COATED_OSMIUM;XIRECS;9997.0;2
720900;;SUBMISSION;ASH_COATED_OSMIUM;XIRECS;10000.0;5
721000;;SUBMISSION;ASH_COATED_OSMIUM;XIRECS;10001.0;4
721200;;;INTARIAN_PEPPER_ROOT;XIRECS;13717.0;4
723000;;SUBMISSION;ASH_COATED_OSMIUM;XIRECS;10010.0;3
723400;;SUBMISSION;ASH_COATED_OSMIUM;XIRECS;10000.0;5
724200;;SUBMISSION;ASH_COATED_OSMIUM;XIRECS;10000.0;5
724600;;SUBMISSION;ASH_COATED_OSMIUM;XIRECS;10001.0;3
724600;SUBMISSION;;ASH_COATED_OSMIUM;XIRECS;9996.0;5
725400;;;INTARIAN_PEPPER_ROOT;XIRECS;13729.0;5
726100;;SUBMISSION;ASH_COATED_OSMIUM;XIRECS;10010.0;4
726600;;SUBMISSION;ASH_COATED_OSMIUM;XIRECS;10002.0;3
728700;;;INTARIAN_PEPPER_ROOT;XIRECS;13721.0;4
730500;;SUBMISSION;ASH_COATED_OSMIUM;XIRECS;10002.0;3
732100;SUBMISSION;;ASH_COATED_OSMIUM;XIRECS;9994.0;9
732100;;;INTARIAN_PEPPER_ROOT;XIRECS;13739.0;4
732900;;;INTARIAN_PEPPER_ROOT;XIRECS;13740.0;3
733200;;SUBMISSION;ASH_COATED_OSMIUM;XIRECS;10000.0;2
733300;;SUBMISSION;ASH_COATED_OSMIUM;XIRECS;10000.0;2
734900;;SUBMISSION;ASH_COATED_OSMIUM;XIRECS;10002.0;4
737500;;SUBMISSION;ASH_COATED_OSMIUM;XIRECS;10003.0;4
737600;;SUBMISSION;ASH_COATED_OSMIUM;XIRECS;10002.0;5
738500;SUBMISSION;;ASH_COATED_OSMIUM;XIRECS;9996.0;6
738500;;;INTARIAN_PEPPER_ROOT;XIRECS;13731.0;4
738600;;;ASH_COATED_OSMIUM;XIRECS;9998.0;5
738700;;SUBMISSION;ASH_COATED_OSMIUM;XIRECS;10003.0;3
738900;;SUBMISSION;ASH_COATED_OSMIUM;XIRECS;10012.0;6
739100;SUBMISSION;;ASH_COATED_OSMIUM;XIRECS;9998.0;3
740200;;;INTARIAN_PEPPER_ROOT;XIRECS;13733.0;6
741400;;SUBMISSION;ASH_COATED_OSMIUM;XIRECS;10003.0;5
742000;;;INTARIAN_PEPPER_ROOT;XIRECS;13749.0;6
742300;;;ASH_COATED_OSMIUM;XIRECS;9999.0;10
742300;;;INTARIAN_PEPPER_ROOT;XIRECS;13750.0;6
748300;;SUBMISSION;ASH_COATED_OSMIUM;XIRECS;10003.0;4
748300;SUBMISSION;;ASH_COATED_OSMIUM;XIRECS;9998.0;7
748500;;;INTARIAN_PEPPER_ROOT;XIRECS;13756.0;6
749300;;;INTARIAN_PEPPER_ROOT;XIRECS;13742.0;3
750200;;;INTARIAN_PEPPER_ROOT;XIRECS;13739.0;4
750500;;SUBMISSION;ASH_COATED_OSMIUM;XIRECS;10003.0;5
753400;;SUBMISSION;ASH_COATED_OSMIUM;XIRECS;10003.0;10
755100;;SUBMISSION;ASH_COATED_OSMIUM;XIRECS;10002.0;6
756200;SUBMISSION;;ASH_COATED_OSMIUM;XIRECS;9997.0;6
757500;;;INTARIAN_PEPPER_ROOT;XIRECS;13765.0;5
759000;;;INTARIAN_PEPPER_ROOT;XIRECS;13766.0;7
759900;SUBMISSION;;ASH_COATED_OSMIUM;XIRECS;9995.0;10
760200;;;INTARIAN_PEPPER_ROOT;XIRECS;13764.0;5
761100;SUBMISSION;;ASH_COATED_OSMIUM;XIRECS;9995.0;7
762700;SUBMISSION;;ASH_COATED_OSMIUM;XIRECS;9997.0;4
763600;SUBMISSION;;ASH_COATED_OSMIUM;XIRECS;9993.0;7
764800;;SUBMISSION;ASH_COATED_OSMIUM;XIRECS;10006.0;10
765100;;;INTARIAN_PEPPER_ROOT;XIRECS;13760.0;4
765200;SUBMISSION;;ASH_COATED_OSMIUM;XIRECS;9997.0;5
765200;SUBMISSION;;ASH_COATED_OSMIUM;XIRECS;9989.0;6
766400;;SUBMISSION;ASH_COATED_OSMIUM;XIRECS;10003.0;10
766600;SUBMISSION;;ASH_COATED_OSMIUM;XIRECS;9998.0;2
766700;SUBMISSION;;ASH_COATED_OSMIUM;XIRECS;9997.0;5
767300;SUBMISSION;;ASH_COATED_OSMIUM;XIRECS;9994.0;7
767900;SUBMISSION;;ASH_COATED_OSMIUM;XIRECS;9997.0;2
769500;SUBMISSION;;ASH_COATED_OSMIUM;XIRECS;9986.0;6
769600;SUBMISSION;;ASH_COATED_OSMIUM;XIRECS;9996.0;4
769700;SUBMISSION;;ASH_COATED_OSMIUM;XIRECS;9996.0;4
770200;;SUBMISSION;ASH_COATED_OSMIUM;XIRECS;10001.0;8
770300;;;INTARIAN_PEPPER_ROOT;XIRECS;13778.0;5
770700;SUBMISSION;;ASH_COATED_OSMIUM;XIRECS;9989.0;3
771600;SUBMISSION;;ASH_COATED_OSMIUM;XIRECS;9995.0;5
771600;;;INTARIAN_PEPPER_ROOT;XIRECS;13779.0;7
771800;;SUBMISSION;ASH_COATED_OSMIUM;XIRECS;10001.0;3
772800;;;ASH_COATED_OSMIUM;XIRECS;10000.0;6
773000;SUBMISSION;;ASH_COATED_OSMIUM;XIRECS;9986.0;6
773300;SUBMISSION;;ASH_COATED_OSMIUM;XIRECS;9994.0;2
773500;;;ASH_COATED_OSMIUM;XIRECS;10000.0;5
773500;;;INTARIAN_PEPPER_ROOT;XIRECS;13766.0;4
774100;SUBMISSION;;ASH_COATED_OSMIUM;XIRECS;9999.0;11
774200;SUBMISSION;;ASH_COATED_OSMIUM;XIRECS;9999.0;12
774500;SUBMISSION;;ASH_COATED_OSMIUM;XIRECS;9999.0;14
774600;SUBMISSION;;ASH_COATED_OSMIUM;XIRECS;9999.0;9
776400;;;ASH_COATED_OSMIUM;XIRECS;9999.0;5
777000;;;INTARIAN_PEPPER_ROOT;XIRECS;13781.0;6
778300;;;ASH_COATED_OSMIUM;XIRECS;9981.0;3
779000;;;ASH_COATED_OSMIUM;XIRECS;9984.0;7
780200;;;ASH_COATED_OSMIUM;XIRECS;10000.0;8
782200;;;INTARIAN_PEPPER_ROOT;XIRECS;13790.0;6
785800;;;INTARIAN_PEPPER_ROOT;XIRECS;13775.0;5
787700;;;INTARIAN_PEPPER_ROOT;XIRECS;13791.0;6
790100;;;ASH_COATED_OSMIUM;XIRECS;10001.0;6
792900;;;INTARIAN_PEPPER_ROOT;XIRECS;13786.0;4
793200;;;ASH_COATED_OSMIUM;XIRECS;9984.0;5
794500;;;ASH_COATED_OSMIUM;XIRECS;9985.0;4
794900;;SUBMISSION;ASH_COATED_OSMIUM;XIRECS;10002.0;6
795100;SUBMISSION;;ASH_COATED_OSMIUM;XIRECS;9986.0;5
796600;;;INTARIAN_PEPPER_ROOT;XIRECS;13792.0;8
799100;;;INTARIAN_PEPPER_ROOT;XIRECS;13792.0;7
799600;;;ASH_COATED_OSMIUM;XIRECS;10000.0;7
800300;SUBMISSION;;ASH_COATED_OSMIUM;XIRECS;9990.0;1
800900;;SUBMISSION;ASH_COATED_OSMIUM;XIRECS;10003.0;4
802000;SUBMISSION;;ASH_COATED_OSMIUM;XIRECS;9995.0;4
802800;;;INTARIAN_PEPPER_ROOT;XIRECS;13806.0;3
804300;;;INTARIAN_PEPPER_ROOT;XIRECS;13815.0;6
805500;;;ASH_COATED_OSMIUM;XIRECS;9989.0;8
806300;;;ASH_COATED_OSMIUM;XIRECS;9986.0;6
808300;;;INTARIAN_PEPPER_ROOT;XIRECS;13801.0;6
808400;;;ASH_COATED_OSMIUM;XIRECS;9990.0;6
808900;;;INTARIAN_PEPPER_ROOT;XIRECS;13801.0;3
810600;;;ASH_COATED_OSMIUM;XIRECS;9990.0;4
811100;;;ASH_COATED_OSMIUM;XIRECS;9991.0;6
812400;;;INTARIAN_PEPPER_ROOT;XIRECS;13808.0;8
812700;;;INTARIAN_PEPPER_ROOT;XIRECS;13820.0;6
813200;;;ASH_COATED_OSMIUM;XIRECS;9992.0;8
813500;;;INTARIAN_PEPPER_ROOT;XIRECS;13821.0;5
814400;;;ASH_COATED_OSMIUM;XIRECS;9989.0;3
814400;;;INTARIAN_PEPPER_ROOT;XIRECS;13807.0;3
814500;;;INTARIAN_PEPPER_ROOT;XIRECS;13822.0;7
815000;;;INTARIAN_PEPPER_ROOT;XIRECS;13819.0;5
817600;;;ASH_COATED_OSMIUM;XIRECS;9992.0;2
817900;;;INTARIAN_PEPPER_ROOT;XIRECS;13813.0;5
820300;;;INTARIAN_PEPPER_ROOT;XIRECS;13813.0;6
822000;;;INTARIAN_PEPPER_ROOT;XIRECS;13826.0;8
822200;;SUBMISSION;ASH_COATED_OSMIUM;XIRECS;10002.0;10
823000;;;INTARIAN_PEPPER_ROOT;XIRECS;13834.0;3
823100;;SUBMISSION;ASH_COATED_OSMIUM;XIRECS;10002.0;5
823200;;SUBMISSION;ASH_COATED_OSMIUM;XIRECS;10002.0;3
823500;;;INTARIAN_PEPPER_ROOT;XIRECS;13816.0;3
824000;SUBMISSION;;ASH_COATED_OSMIUM;XIRECS;9997.0;3
824200;;;INTARIAN_PEPPER_ROOT;XIRECS;13828.0;4
824400;;SUBMISSION;ASH_COATED_OSMIUM;XIRECS;10002.0;3
825500;SUBMISSION;;ASH_COATED_OSMIUM;XIRECS;9999.0;4
825500;;SUBMISSION;ASH_COATED_OSMIUM;XIRECS;10006.0;9
825900;;;INTARIAN_PEPPER_ROOT;XIRECS;13818.0;3
827000;;SUBMISSION;ASH_COATED_OSMIUM;XIRECS;10006.0;3
828200;;;INTARIAN_PEPPER_ROOT;XIRECS;13836.0;5
829000;;;INTARIAN_PEPPER_ROOT;XIRECS;13840.0;6
829900;;SUBMISSION;ASH_COATED_OSMIUM;XIRECS;10008.0;6
830600;;SUBMISSION;ASH_COATED_OSMIUM;XIRECS;10006.0;6
830600;;;INTARIAN_PEPPER_ROOT;XIRECS;13823.0;5
831100;SUBMISSION;;ASH_COATED_OSMIUM;XIRECS;9994.0;3
831800;;SUBMISSION;ASH_COATED_OSMIUM;XIRECS;10007.0;4
832900;SUBMISSION;;ASH_COATED_OSMIUM;XIRECS;9999.0;10
832900;;SUBMISSION;ASH_COATED_OSMIUM;XIRECS;10010.0;3
834300;;;INTARIAN_PEPPER_ROOT;XIRECS;13842.0;6
834500;;;INTARIAN_PEPPER_ROOT;XIRECS;13842.0;3
836000;;;INTARIAN_PEPPER_ROOT;XIRECS;13831.0;6
837100;SUBMISSION;;ASH_COATED_OSMIUM;XIRECS;9999.0;6
837900;;SUBMISSION;ASH_COATED_OSMIUM;XIRECS;10006.0;9
838200;SUBMISSION;;ASH_COATED_OSMIUM;XIRECS;9994.0;6
838200;;;INTARIAN_PEPPER_ROOT;XIRECS;13849.0;4
838700;;;INTARIAN_PEPPER_ROOT;XIRECS;13828.0;3
839100;;;INTARIAN_PEPPER_ROOT;XIRECS;13847.0;3
839200;;SUBMISSION;ASH_COATED_OSMIUM;XIRECS;10004.0;5
839300;;;INTARIAN_PEPPER_ROOT;XIRECS;13847.0;5
839500;;SUBMISSION;ASH_COATED_OSMIUM;XIRECS;10009.0;8
839600;;SUBMISSION;ASH_COATED_OSMIUM;XIRECS;10009.0;4
840100;SUBMISSION;;ASH_COATED_OSMIUM;XIRECS;9992.0;2
840400;;;INTARIAN_PEPPER_ROOT;XIRECS;13836.0;3
841400;;;INTARIAN_PEPPER_ROOT;XIRECS;13849.0;4
842500;;SUBMISSION;ASH_COATED_OSMIUM;XIRECS;10001.0;9
842500;;SUBMISSION;ASH_COATED_OSMIUM;XIRECS;10006.0;3
842700;SUBMISSION;;ASH_COATED_OSMIUM;XIRECS;9993.0;5
848400;;;INTARIAN_PEPPER_ROOT;XIRECS;13841.0;7
848800;;SUBMISSION;ASH_COATED_OSMIUM;XIRECS;10004.0;6
849300;;SUBMISSION;ASH_COATED_OSMIUM;XIRECS;10004.0;4
850700;;;INTARIAN_PEPPER_ROOT;XIRECS;13843.0;7
852200;;;INTARIAN_PEPPER_ROOT;XIRECS;13856.0;4
853000;;SUBMISSION;ASH_COATED_OSMIUM;XIRECS;10003.0;9
854000;;SUBMISSION;ASH_COATED_OSMIUM;XIRECS;10007.0;4
854400;SUBMISSION;;ASH_COATED_OSMIUM;XIRECS;9993.0;5
855600;;SUBMISSION;ASH_COATED_OSMIUM;XIRECS;10004.0;7
856100;SUBMISSION;;ASH_COATED_OSMIUM;XIRECS;9995.0;4
856100;;;INTARIAN_PEPPER_ROOT;XIRECS;13864.0;5
856200;SUBMISSION;;ASH_COATED_OSMIUM;XIRECS;9999.0;2
856400;;;INTARIAN_PEPPER_ROOT;XIRECS;13849.0;7
856600;;;INTARIAN_PEPPER_ROOT;XIRECS;13852.0;3
856700;SUBMISSION;;ASH_COATED_OSMIUM;XIRECS;9990.0;10
857500;;SUBMISSION;ASH_COATED_OSMIUM;XIRECS;10003.0;2
858700;;;INTARIAN_PEPPER_ROOT;XIRECS;13851.0;4
860900;SUBMISSION;;ASH_COATED_OSMIUM;XIRECS;9999.0;3
862100;SUBMISSION;;ASH_COATED_OSMIUM;XIRECS;9997.0;4
862700;;SUBMISSION;ASH_COATED_OSMIUM;XIRECS;10003.0;10
862900;SUBMISSION;;ASH_COATED_OSMIUM;XIRECS;9995.0;10
863400;;;INTARIAN_PEPPER_ROOT;XIRECS;13856.0;5
864000;;;INTARIAN_PEPPER_ROOT;XIRECS;13871.0;7
865300;SUBMISSION;;ASH_COATED_OSMIUM;XIRECS;9995.0;7
866500;;SUBMISSION;ASH_COATED_OSMIUM;XIRECS;10004.0;3
867000;;;INTARIAN_PEPPER_ROOT;XIRECS;13874.0;6
867700;SUBMISSION;;ASH_COATED_OSMIUM;XIRECS;9991.0;5
868700;;;INTARIAN_PEPPER_ROOT;XIRECS;13864.0;4
870600;;;INTARIAN_PEPPER_ROOT;XIRECS;13878.0;3
871300;SUBMISSION;;ASH_COATED_OSMIUM;XIRECS;9998.0;5
871300;;;INTARIAN_PEPPER_ROOT;XIRECS;13864.0;6
872200;SUBMISSION;;ASH_COATED_OSMIUM;XIRECS;9991.0;4
872600;SUBMISSION;;ASH_COATED_OSMIUM;XIRECS;9999.0;3
872600;SUBMISSION;;ASH_COATED_OSMIUM;XIRECS;9990.0;8
873500;SUBMISSION;;ASH_COATED_OSMIUM;XIRECS;9994.0;4
873600;;;INTARIAN_PEPPER_ROOT;XIRECS;13869.0;7
874100;;SUBMISSION;ASH_COATED_OSMIUM;XIRECS;10002.0;6
874400;;;INTARIAN_PEPPER_ROOT;XIRECS;13878.0;3
874800;;SUBMISSION;ASH_COATED_OSMIUM;XIRECS;10004.0;2
875600;SUBMISSION;;ASH_COATED_OSMIUM;XIRECS;9995.0;6
877500;SUBMISSION;;ASH_COATED_OSMIUM;XIRECS;9990.0;3
877600;;SUBMISSION;ASH_COATED_OSMIUM;XIRECS;10002.0;3
878100;SUBMISSION;;ASH_COATED_OSMIUM;XIRECS;9990.0;2
878400;;;INTARIAN_PEPPER_ROOT;XIRECS;13886.0;6
879300;SUBMISSION;;ASH_COATED_OSMIUM;XIRECS;9986.0;10
880900;SUBMISSION;;ASH_COATED_OSMIUM;XIRECS;9991.0;6
882000;;;INTARIAN_PEPPER_ROOT;XIRECS;13871.0;4
882400;SUBMISSION;;ASH_COATED_OSMIUM;XIRECS;9987.0;4
882900;SUBMISSION;;ASH_COATED_OSMIUM;XIRECS;9996.0;2
882900;;;ASH_COATED_OSMIUM;XIRECS;9996.0;3
883400;;SUBMISSION;ASH_COATED_OSMIUM;XIRECS;10001.0;4
883600;SUBMISSION;;ASH_COATED_OSMIUM;XIRECS;9992.0;4
883600;;SUBMISSION;ASH_COATED_OSMIUM;XIRECS;10003.0;3
884500;SUBMISSION;;ASH_COATED_OSMIUM;XIRECS;9988.0;3
884500;;;INTARIAN_PEPPER_ROOT;XIRECS;13892.0;4
885300;;;INTARIAN_PEPPER_ROOT;XIRECS;13878.0;6
885400;;;ASH_COATED_OSMIUM;XIRECS;9984.0;5
886300;;;ASH_COATED_OSMIUM;XIRECS;9987.0;7
886500;;SUBMISSION;ASH_COATED_OSMIUM;XIRECS;10001.0;4
886700;;SUBMISSION;ASH_COATED_OSMIUM;XIRECS;10001.0;4
886900;;;INTARIAN_PEPPER_ROOT;XIRECS;13894.0;3
888200;;SUBMISSION;ASH_COATED_OSMIUM;XIRECS;10002.0;5
888900;SUBMISSION;;ASH_COATED_OSMIUM;XIRECS;9998.0;4
890200;;;INTARIAN_PEPPER_ROOT;XIRECS;13886.0;4
891000;;;INTARIAN_PEPPER_ROOT;XIRECS;13886.0;3
893900;SUBMISSION;;ASH_COATED_OSMIUM;XIRECS;9988.0;6
898200;;SUBMISSION;ASH_COATED_OSMIUM;XIRECS;10001.0;4
898900;;;INTARIAN_PEPPER_ROOT;XIRECS;13888.0;3
901300;SUBMISSION;;ASH_COATED_OSMIUM;XIRECS;9999.0;7
902100;;;INTARIAN_PEPPER_ROOT;XIRECS;13910.0;4
902600;;;ASH_COATED_OSMIUM;XIRECS;9992.0;8
904500;;;ASH_COATED_OSMIUM;XIRECS;9991.0;7
904800;;;ASH_COATED_OSMIUM;XIRECS;9988.0;5
907100;;;ASH_COATED_OSMIUM;XIRECS;9991.0;10
907300;;;ASH_COATED_OSMIUM;XIRECS;9991.0;10
911600;;;INTARIAN_PEPPER_ROOT;XIRECS;13915.0;5
913100;;;INTARIAN_PEPPER_ROOT;XIRECS;13908.0;7
913900;;;INTARIAN_PEPPER_ROOT;XIRECS;13921.0;6
915800;;;INTARIAN_PEPPER_ROOT;XIRECS;13905.0;6
917000;;SUBMISSION;ASH_COATED_OSMIUM;XIRECS;10007.0;2
917500;;SUBMISSION;ASH_COATED_OSMIUM;XIRECS;10007.0;4
918900;;SUBMISSION;ASH_COATED_OSMIUM;XIRECS;10003.0;4
918900;;;INTARIAN_PEPPER_ROOT;XIRECS;13921.0;5
919400;;SUBMISSION;ASH_COATED_OSMIUM;XIRECS;10001.0;4
920800;;SUBMISSION;ASH_COATED_OSMIUM;XIRECS;10008.0;6
922100;SUBMISSION;;ASH_COATED_OSMIUM;XIRECS;9996.0;2
924400;;;INTARIAN_PEPPER_ROOT;XIRECS;13932.0;6
925000;;SUBMISSION;ASH_COATED_OSMIUM;XIRECS;10005.0;8
925300;;SUBMISSION;ASH_COATED_OSMIUM;XIRECS;10005.0;10
925900;;SUBMISSION;ASH_COATED_OSMIUM;XIRECS;10010.0;3
926100;;SUBMISSION;ASH_COATED_OSMIUM;XIRECS;10005.0;9
926100;SUBMISSION;;ASH_COATED_OSMIUM;XIRECS;9996.0;6
926300;SUBMISSION;;ASH_COATED_OSMIUM;XIRECS;9996.0;6
927400;;SUBMISSION;ASH_COATED_OSMIUM;XIRECS;10002.0;5
928000;;SUBMISSION;ASH_COATED_OSMIUM;XIRECS;10010.0;4
928200;;;INTARIAN_PEPPER_ROOT;XIRECS;13921.0;6
928400;;;INTARIAN_PEPPER_ROOT;XIRECS;13921.0;3
928500;;;INTARIAN_PEPPER_ROOT;XIRECS;13921.0;5
928700;;;INTARIAN_PEPPER_ROOT;XIRECS;13921.0;5
928800;SUBMISSION;;ASH_COATED_OSMIUM;XIRECS;9996.0;2
928800;;;INTARIAN_PEPPER_ROOT;XIRECS;13921.0;5
929600;;SUBMISSION;ASH_COATED_OSMIUM;XIRECS;10006.0;6
929900;;;INTARIAN_PEPPER_ROOT;XIRECS;13922.0;6
932500;SUBMISSION;;ASH_COATED_OSMIUM;XIRECS;9996.0;5
932500;;;INTARIAN_PEPPER_ROOT;XIRECS;13940.0;3
932600;;SUBMISSION;ASH_COATED_OSMIUM;XIRECS;10005.0;5
932800;;SUBMISSION;ASH_COATED_OSMIUM;XIRECS;10009.0;9
935100;SUBMISSION;;ASH_COATED_OSMIUM;XIRECS;9996.0;3
936400;;SUBMISSION;ASH_COATED_OSMIUM;XIRECS;10001.0;1
936400;;;ASH_COATED_OSMIUM;XIRECS;10001.0;4
937800;;SUBMISSION;ASH_COATED_OSMIUM;XIRECS;10004.0;6
938900;;SUBMISSION;ASH_COATED_OSMIUM;XIRECS;10002.0;4
939800;;;ASH_COATED_OSMIUM;XIRECS;10001.0;3
940200;SUBMISSION;;ASH_COATED_OSMIUM;XIRECS;9995.0;8
942800;;;ASH_COATED_OSMIUM;XIRECS;10002.0;3
942900;;SUBMISSION;ASH_COATED_OSMIUM;XIRECS;10006.0;10
943000;;SUBMISSION;ASH_COATED_OSMIUM;XIRECS;10002.0;2
944000;;SUBMISSION;ASH_COATED_OSMIUM;XIRECS;10001.0;5
944400;SUBMISSION;;ASH_COATED_OSMIUM;XIRECS;9996.0;8
944500;;SUBMISSION;ASH_COATED_OSMIUM;XIRECS;10009.0;6
945600;;SUBMISSION;ASH_COATED_OSMIUM;XIRECS;10010.0;3
946100;SUBMISSION;;ASH_COATED_OSMIUM;XIRECS;9996.0;3
946800;;SUBMISSION;ASH_COATED_OSMIUM;XIRECS;10004.0;5
946900;;SUBMISSION;ASH_COATED_OSMIUM;XIRECS;10010.0;2
948500;;;INTARIAN_PEPPER_ROOT;XIRECS;13956.0;7
949300;;SUBMISSION;ASH_COATED_OSMIUM;XIRECS;10003.0;2
949900;;SUBMISSION;ASH_COATED_OSMIUM;XIRECS;10009.0;4
951200;SUBMISSION;;ASH_COATED_OSMIUM;XIRECS;9994.0;7
951700;;SUBMISSION;ASH_COATED_OSMIUM;XIRECS;10007.0;8
951800;;;INTARIAN_PEPPER_ROOT;XIRECS;13944.0;6
954300;SUBMISSION;;ASH_COATED_OSMIUM;XIRECS;9991.0;10
954400;SUBMISSION;;ASH_COATED_OSMIUM;XIRECS;9996.0;6
955900;;;INTARIAN_PEPPER_ROOT;XIRECS;13948.0;7
956500;SUBMISSION;;ASH_COATED_OSMIUM;XIRECS;9999.0;3
959600;SUBMISSION;;ASH_COATED_OSMIUM;XIRECS;9995.0;5
960700;SUBMISSION;;ASH_COATED_OSMIUM;XIRECS;9990.0;8
960700;;;INTARIAN_PEPPER_ROOT;XIRECS;13964.0;4
961000;;;INTARIAN_PEPPER_ROOT;XIRECS;13968.0;4
962200;SUBMISSION;;ASH_COATED_OSMIUM;XIRECS;9988.0;5
962500;SUBMISSION;;ASH_COATED_OSMIUM;XIRECS;9999.0;3
963200;;SUBMISSION;ASH_COATED_OSMIUM;XIRECS;10002.0;2
963300;;;INTARIAN_PEPPER_ROOT;XIRECS;13959.0;5
963400;;SUBMISSION;ASH_COATED_OSMIUM;XIRECS;10005.0;6
963500;;;INTARIAN_PEPPER_ROOT;XIRECS;13959.0;5
966600;;;INTARIAN_PEPPER_ROOT;XIRECS;13959.0;4
966800;SUBMISSION;;ASH_COATED_OSMIUM;XIRECS;9997.0;2
967900;SUBMISSION;;ASH_COATED_OSMIUM;XIRECS;9995.0;4
968600;;;ASH_COATED_OSMIUM;XIRECS;10000.0;6
968800;SUBMISSION;;ASH_COATED_OSMIUM;XIRECS;9999.0;13
969100;SUBMISSION;;ASH_COATED_OSMIUM;XIRECS;9999.0;15
969200;SUBMISSION;;ASH_COATED_OSMIUM;XIRECS;9999.0;12
969700;SUBMISSION;;ASH_COATED_OSMIUM;XIRECS;9999.0;9
970000;;;INTARIAN_PEPPER_ROOT;XIRECS;13977.0;3
971800;;SUBMISSION;ASH_COATED_OSMIUM;XIRECS;10003.0;3
971900;SUBMISSION;;ASH_COATED_OSMIUM;XIRECS;9998.0;3
972700;;;ASH_COATED_OSMIUM;XIRECS;10001.0;5
972800;;;INTARIAN_PEPPER_ROOT;XIRECS;13968.0;3
972900;;;INTARIAN_PEPPER_ROOT;XIRECS;13965.0;7
974800;;;INTARIAN_PEPPER_ROOT;XIRECS;13967.0;7
975400;;;INTARIAN_PEPPER_ROOT;XIRECS;13971.0;3
976300;;;ASH_COATED_OSMIUM;XIRECS;9984.0;6
979200;;;INTARIAN_PEPPER_ROOT;XIRECS;13972.0;7
979800;;SUBMISSION;ASH_COATED_OSMIUM;XIRECS;10001.0;7
981900;;;ASH_COATED_OSMIUM;XIRECS;10001.0;7
982300;;;INTARIAN_PEPPER_ROOT;XIRECS;13975.0;4
982800;;;ASH_COATED_OSMIUM;XIRECS;10000.0;10
984900;;;INTARIAN_PEPPER_ROOT;XIRECS;13989.0;6
988400;;;INTARIAN_PEPPER_ROOT;XIRECS;13996.0;4
989500;SUBMISSION;;ASH_COATED_OSMIUM;XIRECS;9992.0;6
989500;;;INTARIAN_PEPPER_ROOT;XIRECS;13982.0;3
989900;SUBMISSION;;ASH_COATED_OSMIUM;XIRECS;9999.0;1
991600;;;INTARIAN_PEPPER_ROOT;XIRECS;13987.0;7
991900;;;ASH_COATED_OSMIUM;XIRECS;9983.0;5
995100;;;ASH_COATED_OSMIUM;XIRECS;9983.0;5
995900;;;ASH_COATED_OSMIUM;XIRECS;9985.0;4
997300;;SUBMISSION;ASH_COATED_OSMIUM;XIRECS;10002.0;6
997700;SUBMISSION;;ASH_COATED_OSMIUM;XIRECS;9995.0;4
998600;;;INTARIAN_PEPPER_ROOT;XIRECS;14006.0;5
999200;SUBMISSION;;ASH_COATED_OSMIUM;XIRECS;9995.0;2
999800;;;ASH_COATED_OSMIUM;XIRECS;9982.0;6
999900;;;INTARIAN_PEPPER_ROOT;XIRECS;13992.0;3
